ID, First Name, Last Name, Age, Team, Position, Market Value, Overall, Strength, Speed, Resistance, WillPower, Criativity, Leadership, Injured, Months For Recovery
1, Rafael, Vieira, 31, Vasco, Striker, 8872, 27, 90, 14, 11, 14, 7, No, No, 0
2, Isaac, Mendes, 20, Bahia, Sweeper, 3099, 34, 38, 46, 35, 45, 6, Yes, Yes, 6
3, Henrique, Marques, 29, Internacional, Goalkepper, 4330, 59, 59, 41, 94, 95, 8, Yes, Yes, 3
4, Vinicius, Lima, 34, Athletico-PR, Striker, 2904, 45, 51, 4, 72, 35, 63, Yes, No, 0
5, Miguel, Martins, 21, Fluminense, Goalkepper, 7913, 42, 64, 37, 74, 32, 6, No, No, 0
6, Caio, Mendes, 26, Atlético-MG, Goalkepper, 4730, 45, 45, 12, 74, 61, 36, Yes, No, 0
7, Caio, Silva, 16, Grêmio, Goalkepper, 8676, 38, 28, 67, 43, 41, 14, Yes, Yes, 12
8, Henrique, Mendes, 19, Bragantino, Midfielder, 8173, 47, 15, 78, 94, 32, 18, Yes, No, 0
9, Arthur, Mendes, 36, Cuiabá, Goalkepper, 9676, 60, 74, 15, 51, 95, 69, No, Yes, 4
10, Miguel, Lima, 33, Cuiabá, Goalkepper, 3500, 48, 45, 69, 23, 78, 29, Yes, No, 0
11, João Pedro, Andrade, 31, Corinthians, Striker, 1928, 53, 32, 64, 92, 54, 24, Yes, Yes, 1
12, Vitor, Carvalho, 38, Grêmio, Midfielder, 6543, 41, 94, 32, 52, 21, 10, Yes, No, 0
13, Lucas, Rodrigues, 30, Santos, Goalkepper, 3489, 53, 49, 69, 9, 81, 61, No, Yes, 11
14, Murilo, Souza, 17, Athletico-PR, Sweeper, 6478, 32, 79, 1, 54, 11, 17, Yes, No, 0
15, Davi, Freitas, 39, Grêmio, Striker, 2148, 67, 57, 80, 99, 96, 7, Yes, No, 0
16, Nicolas, Martins, 28, Cruzeiro, Sweeper, 5560, 32, 47, 9, 6, 17, 83, No, Yes, 10
17, João, Nascimento, 37, Bragantino, Sweeper, 7663, 67, 64, 59, 96, 33, 83, No, No, 0
18, Pietro, Martins, 25, São Paulo, Sweeper, 8169, 43, 63, 25, 10, 41, 80, No, Yes, 4
19, Bernardo, Freitas, 20, Botafogo, Striker, 9843, 38, 84, 43, 1, 40, 25, No, No, 0
20, Bernardo, Rocha, 37, Coritiba, Midfielder, 1383, 55, 90, 24, 38, 50, 76, No, No, 0
21, Enzo, Souza, 35, Cuiabá, Striker, 3381, 68, 72, 48, 63, 85, 75, Yes, Yes, 5
22, Diego, Ribeiro, 37, Internacional, Striker, 6923, 58, 41, 69, 80, 20, 81, Yes, No, 0
23, João Pedro, Machado, 28, Corinthians, Goalkepper, 7063, 25, 99, 4, 6, 7, 11, Yes, No, 0
24, Cauã, Machado, 28, Fortaleza, Defender, 6721, 53, 7, 71, 28, 70, 89, Yes, Yes, 12
25, Diego, Barbosa, 34, Fluminense, Sweeper, 1817, 44, 96, 33, 78, 16, 1, Yes, No, 0
26, Miguel, Machado, 25, Palmeiras, Defender, 5767, 49, 56, 50, 50, 39, 53, No, Yes, 8
27, Rafael, Soares, 39, Goiás, Striker, 5819, 43, 19, 32, 61, 36, 68, No, Yes, 4
28, Pedro, Marques, 16, São Paulo, Defender, 2902, 58, 63, 86, 66, 53, 25, Yes, No, 0
29, Cauã, Soares, 40, Flamengo, Goalkepper, 3762, 37, 60, 11, 36, 64, 14, Yes, No, 0
30, Lucca, Moreira, 29, Coritiba, Sweeper, 4958, 52, 82, 12, 55, 24, 91, Yes, No, 0
31, Samuel, Gomes, 35, Bahia, Goalkepper, 5212, 61, 59, 16, 78, 85, 71, Yes, No, 0
32, Vitor, Almeida, 31, Bragantino, Midfielder, 6285, 46, 97, 42, 40, 18, 36, No, No, 0
33, Pietro, Cardoso, 34, Fortaleza, Sweeper, 3654, 74, 86, 53, 76, 63, 96, Yes, No, 0
34, João Vitor, Cardoso, 27, Atlético-MG, Goalkepper, 7001, 57, 27, 70, 31, 78, 81, Yes, Yes, 9
35, Matheus, Moreira, 30, Goiás, Sweeper, 9532, 38, 81, 1, 32, 69, 8, Yes, Yes, 7
36, Leonardo, Oliveira, 21, América-MG, Sweeper, 4516, 56, 59, 14, 97, 95, 19, Yes, Yes, 11
37, Pietro, Vieira, 29, Atlético-MG, Striker, 4395, 58, 62, 55, 65, 31, 79, No, Yes, 9
38, Felipe, Lima, 33, Cruzeiro, Midfielder, 8096, 46, 37, 1, 84, 98, 13, No, Yes, 6
39, Leonardo, Marques, 39, Goiás, Striker, 8578, 55, 30, 62, 83, 22, 82, Yes, Yes, 8
40, Arthur, Ramos, 20, Corinthians, Defender, 9085, 42, 40, 19, 57, 29, 66, No, No, 0
41, Guilherme, Moreira, 27, América-MG, Striker, 4625, 51, 49, 24, 66, 36, 81, Yes, Yes, 11
42, Gabriel, Santos, 32, Flamengo, Striker, 3323, 40, 82, 48, 27, 37, 9, Yes, No, 0
43, Vinicius, Moreira, 26, Cuiabá, Sweeper, 8617, 58, 84, 45, 75, 81, 8, Yes, Yes, 4
44, Lucca, Soares, 30, América-MG, Goalkepper, 8648, 31, 24, 26, 51, 45, 11, No, Yes, 12
45, Caio, Mendes, 29, Palmeiras, Striker, 3245, 68, 81, 76, 82, 39, 64, Yes, No, 0
46, Vitor, Marques, 34, São Paulo, Sweeper, 6463, 50, 57, 53, 41, 51, 48, Yes, No, 0
47, Nicolas, Freitas, 20, Fluminense, Defender, 4736, 45, 96, 8, 66, 45, 14, Yes, No, 0
48, Gabriel, Santos, 31, Bahia, Goalkepper, 3168, 42, 65, 72, 4, 42, 29, No, Yes, 7
49, Isaac, Souza, 38, Goiás, Goalkepper, 1086, 76, 92, 78, 45, 96, 73, No, No, 0
50, Thiago, Lima, 28, São Paulo, Striker, 7581, 34, 24, 20, 1, 91, 37, No, Yes, 8
51, Nicolas, Andrade, 22, Palmeiras, Defender, 3107, 41, 61, 64, 4, 37, 41, Yes, Yes, 7
52, Cauã, Soares, 28, Athletico-PR, Defender, 4613, 59, 93, 46, 29, 31, 98, Yes, Yes, 6
53, Diego, Silva, 29, América-MG, Midfielder, 8625, 49, 10, 85, 93, 25, 35, No, No, 0
54, Samuel, Machado, 34, Botafogo, Sweeper, 2272, 39, 64, 45, 47, 12, 29, No, No, 0
55, João Vitor, Almeida, 38, Corinthians, Sweeper, 8915, 49, 75, 86, 13, 69, 2, No, Yes, 4
56, Nicolas, Oliveira, 18, Athletico-PR, Striker, 2235, 76, 87, 99, 15, 90, 89, Yes, No, 0
57, Vitor, Lima, 38, Athletico-PR, Sweeper, 5866, 41, 23, 42, 37, 99, 8, Yes, Yes, 11
58, João Vitor, Oliveira, 20, América-MG, Midfielder, 5281, 54, 94, 83, 14, 68, 14, Yes, No, 0
59, Murilo, Costa, 18, Fortaleza, Midfielder, 5208, 53, 53, 1, 88, 94, 32, No, Yes, 9
60, João Gabriel, Mendes, 35, Goiás, Midfielder, 2079, 63, 63, 90, 82, 82, 2, Yes, No, 0
61, Rafael, Barbosa, 34, Palmeiras, Goalkepper, 3086, 52, 31, 19, 52, 85, 76, No, No, 0
62, Pedro, Ramos, 24, Palmeiras, Sweeper, 8470, 35, 45, 8, 88, 36, 1, No, No, 0
63, Guilherme, Nunes, 29, Fluminense, Sweeper, 3666, 40, 6, 54, 42, 19, 81, No, Yes, 5
64, Vitor, Costa, 30, Santos, Midfielder, 1113, 44, 68, 2, 41, 66, 45, Yes, Yes, 1
65, Cauã, Carvalho, 28, Vasco, Midfielder, 6821, 62, 80, 89, 98, 16, 30, Yes, Yes, 7
66, Matheus, Souza, 29, Fortaleza, Sweeper, 6161, 65, 68, 87, 58, 76, 36, No, No, 0
67, Daniel, Nunes, 40, Atlético-MG, Midfielder, 8629, 46, 68, 58, 91, 13, 4, Yes, No, 0
68, João Gabriel, Souza, 35, Atlético-MG, Goalkepper, 5481, 40, 63, 71, 44, 5, 18, No, Yes, 8
69, Caio, Teixeira, 27, Fortaleza, Sweeper, 6398, 31, 7, 16, 1, 85, 49, Yes, Yes, 12
70, Enzo, Gonçalves, 17, Athletico-PR, Striker, 6799, 73, 96, 51, 48, 87, 84, Yes, No, 0
71, Diego, Santana, 16, América-MG, Defender, 6997, 27, 5, 37, 17, 70, 10, Yes, Yes, 9
72, Arthur, Vieira, 28, Vasco, Striker, 1224, 43, 4, 73, 63, 4, 74, Yes, No, 0
73, João Vitor, Rocha, 36, Fortaleza, Midfielder, 5175, 55, 81, 55, 27, 93, 23, No, No, 0
74, Rafael, Ramos, 19, Atlético-MG, Midfielder, 4427, 27, 35, 21, 17, 31, 34, Yes, No, 0
75, Murilo, Rodrigues, 20, Atlético-MG, Midfielder, 9280, 45, 82, 25, 4, 84, 31, Yes, No, 0
76, Daniel, Alves, 18, Fortaleza, Sweeper, 6589, 42, 77, 40, 52, 6, 37, Yes, Yes, 1
77, Vitor, Barbosa, 34, Flamengo, Striker, 2453, 42, 41, 9, 78, 12, 71, No, Yes, 6
78, Samuel, Machado, 26, Atlético-MG, Sweeper, 1135, 46, 24, 96, 15, 60, 37, Yes, Yes, 12
79, Lorenzo, Santos, 33, Atlético-MG, Defender, 3199, 64, 24, 37, 94, 70, 97, No, Yes, 6
80, Lucca, Costa, 38, Atlético-MG, Striker, 6992, 58, 55, 69, 95, 48, 26, Yes, Yes, 7
81, Guilherme, Moreira, 25, América-MG, Sweeper, 2782, 65, 47, 42, 79, 62, 98, No, Yes, 4
82, Murilo, Andrade, 35, Bragantino, Sweeper, 7053, 53, 56, 98, 27, 54, 33, Yes, No, 0
83, Lorenzo, Fernandes, 29, Athletico-PR, Striker, 5498, 41, 21, 42, 62, 72, 11, No, Yes, 5
84, Enzo, Santana, 19, Cuiabá, Sweeper, 1207, 49, 95, 1, 38, 77, 37, Yes, No, 0
85, João, Souza, 23, São Paulo, Striker, 4032, 64, 68, 80, 48, 84, 41, Yes, Yes, 6
86, Rafael, Lopes, 34, São Paulo, Defender, 2201, 51, 53, 55, 49, 15, 86, No, No, 0
87, Gustavo, Mendes, 40, Atlético-MG, Midfielder, 2852, 40, 8, 56, 24, 74, 42, Yes, No, 0
88, Matheus, Souza, 32, Bragantino, Striker, 3503, 45, 68, 85, 42, 28, 4, No, No, 0
89, Daniel, Costa, 23, Atlético-MG, Sweeper, 5916, 38, 4, 15, 98, 55, 18, Yes, No, 0
90, Lucas, Silva, 16, Grêmio, Defender, 1443, 49, 35, 58, 55, 44, 53, Yes, No, 0
91, Gustavo, Lopes, 28, Coritiba, Striker, 1579, 52, 12, 99, 42, 30, 80, No, Yes, 10
92, João Vitor, Lopes, 31, Palmeiras, Defender, 4807, 40, 8, 74, 63, 35, 20, No, Yes, 11
93, Davi, Ferreira, 29, Fortaleza, Midfielder, 3388, 70, 84, 68, 39, 66, 96, Yes, No, 0
94, Murilo, Ribeiro, 16, Atlético-MG, Goalkepper, 8426, 35, 19, 29, 25, 43, 59, Yes, Yes, 2
95, Pietro, Alves, 37, América-MG, Midfielder, 2351, 52, 53, 90, 64, 25, 31, Yes, Yes, 3
96, Cauã, Ferreira, 33, Atlético-MG, Goalkepper, 1387, 13, 4, 4, 30, 11, 19, No, Yes, 12
97, Arthur, Silva, 36, Internacional, Goalkepper, 8236, 44, 75, 12, 20, 19, 98, Yes, Yes, 8
98, João Vitor, Cardoso, 37, São Paulo, Defender, 1910, 46, 12, 34, 3, 88, 95, Yes, Yes, 1
99, Samuel, Ramos, 30, Coritiba, Midfielder, 4934, 43, 5, 12, 5, 99, 94, Yes, Yes, 8
100, Felipe, Nascimento, 37, América-MG, Striker, 2683, 71, 81, 48, 98, 78, 53, No, No, 0
101, Vitor, Rocha, 29, Corinthians, Goalkepper, 1000, 60, 82, 70, 32, 24, 95, Yes, No, 0
102, João Gabriel, Oliveira, 22, Cruzeiro, Goalkepper, 5465, 64, 47, 78, 67, 82, 46, No, No, 0
103, Davi, Pereira, 37, Vasco, Goalkepper, 7696, 45, 19, 43, 59, 96, 12, No, Yes, 7
104, Matheus, Nascimento, 16, Corinthians, Striker, 1449, 48, 1, 69, 77, 39, 56, No, Yes, 12
105, Samuel, Ribeiro, 23, Bahia, Goalkepper, 4237, 61, 40, 98, 35, 50, 85, Yes, No, 0
106, Heitor, Ramos, 22, São Paulo, Striker, 8747, 40, 84, 81, 7, 30, 2, Yes, No, 0
107, Pedro, Santana, 27, São Paulo, Defender, 7529, 41, 34, 47, 53, 49, 23, Yes, Yes, 12
108, Isaac, Ribeiro, 18, Athletico-PR, Defender, 5097, 70, 75, 79, 64, 41, 95, No, Yes, 1
109, Lucas, Vieira, 35, São Paulo, Sweeper, 7714, 44, 42, 65, 23, 13, 80, No, No, 0
110, Davi, Moreira, 22, Cuiabá, Goalkepper, 5639, 53, 30, 40, 30, 93, 74, No, No, 0
111, João Gabriel, Rodrigues, 32, Corinthians, Sweeper, 5114, 56, 48, 76, 10, 87, 62, Yes, No, 0
112, Isaac, Gomes, 29, Fortaleza, Midfielder, 6122, 48, 3, 80, 35, 96, 28, No, Yes, 10
113, Samuel, Costa, 31, América-MG, Defender, 3835, 25, 74, 17, 9, 14, 15, Yes, No, 0
114, Rafael, Lima, 21, Santos, Striker, 9412, 26, 78, 17, 4, 23, 8, Yes, No, 0
115, Vinicius, Barbosa, 31, Goiás, Defender, 6771, 72, 97, 76, 80, 30, 81, Yes, Yes, 12
116, Lucas, Ribeiro, 32, Santos, Striker, 8519, 39, 8, 38, 17, 88, 44, Yes, No, 0
117, Cauã, Santana, 32, Corinthians, Midfielder, 2367, 50, 53, 70, 61, 58, 8, No, Yes, 6
118, Lucas, Ferreira, 18, São Paulo, Goalkepper, 3859, 49, 30, 49, 54, 81, 34, No, No, 0
119, Bernardo, Lopes, 30, Cruzeiro, Midfielder, 4514, 42, 51, 53, 45, 38, 24, No, Yes, 3
120, Pietro, Rodrigues, 35, Cuiabá, Goalkepper, 5341, 63, 87, 20, 85, 76, 47, No, No, 0
121, Heitor, Souza, 30, Cuiabá, Sweeper, 5711, 44, 75, 19, 80, 41, 8, Yes, No, 0
122, Enzo, Silva, 22, Bragantino, Midfielder, 4994, 62, 45, 56, 81, 83, 47, No, Yes, 10
123, Bernardo, Cardoso, 33, Cruzeiro, Goalkepper, 4132, 43, 58, 4, 74, 3, 79, No, Yes, 5
124, João, Pereira, 34, Atlético-MG, Midfielder, 2515, 58, 55, 56, 92, 14, 75, Yes, No, 0
125, Miguel, Carvalho, 38, Cuiabá, Striker, 4828, 56, 82, 32, 74, 62, 32, No, No, 0
126, João Gabriel, Santana, 27, Cuiabá, Defender, 2406, 29, 35, 33, 36, 12, 32, No, No, 0
127, Cauã, Ferreira, 16, Palmeiras, Defender, 4754, 40, 87, 39, 66, 1, 11, Yes, No, 0
128, Lucca, Gonçalves, 25, Bahia, Sweeper, 5969, 41, 6, 35, 35, 49, 82, No, Yes, 4
129, Matheus, Nunes, 31, Bragantino, Sweeper, 4061, 42, 48, 68, 3, 72, 22, No, Yes, 11
130, João Pedro, Ramos, 27, São Paulo, Goalkepper, 2538, 61, 90, 65, 52, 79, 22, No, No, 0
131, Daniel, Rocha, 32, Santos, Goalkepper, 4358, 58, 52, 60, 44, 78, 60, No, No, 0
132, Pedro, Gonçalves, 22, Fluminense, Midfielder, 2647, 55, 21, 96, 70, 38, 51, Yes, Yes, 10
133, Samuel, Barbosa, 22, Santos, Sweeper, 1457, 61, 75, 57, 34, 77, 62, Yes, Yes, 2
134, Pedro, Nunes, 24, Cruzeiro, Sweeper, 5582, 63, 97, 20, 63, 44, 93, Yes, No, 0
135, Leonardo, Ferreira, 32, Corinthians, Midfielder, 9785, 53, 42, 47, 26, 65, 89, Yes, No, 0
136, João Gabriel, Lopes, 18, Cruzeiro, Defender, 3976, 48, 7, 95, 7, 38, 97, Yes, Yes, 9
137, Vinicius, Nunes, 31, Cuiabá, Goalkepper, 8598, 61, 29, 49, 67, 63, 97, Yes, No, 0
138, João Pedro, Freitas, 21, Coritiba, Midfielder, 5889, 33, 35, 72, 34, 7, 20, Yes, No, 0
139, Miguel, Oliveira, 23, Botafogo, Striker, 6624, 27, 22, 42, 57, 1, 13, Yes, No, 0
140, Lucas, Santana, 25, Internacional, Striker, 8260, 65, 60, 90, 25, 95, 57, Yes, Yes, 4
141, Daniel, Gonçalves, 16, Cuiabá, Sweeper, 2696, 76, 98, 39, 95, 52, 97, Yes, No, 0
142, Diego, Teixeira, 33, América-MG, Goalkepper, 3805, 46, 61, 46, 43, 79, 2, Yes, No, 0
143, João Gabriel, Santana, 18, Athletico-PR, Goalkepper, 2088, 54, 66, 28, 14, 72, 92, Yes, No, 0
144, Pedro, Lopes, 23, Cuiabá, Goalkepper, 7750, 57, 10, 85, 91, 67, 32, Yes, Yes, 2
145, Arthur, Dias, 23, Fortaleza, Sweeper, 9687, 46, 22, 67, 24, 70, 48, Yes, Yes, 8
146, Lucas, Pereira, 18, Grêmio, Striker, 7569, 50, 23, 40, 76, 58, 56, Yes, Yes, 5
147, Felipe, Nascimento, 26, Goiás, Sweeper, 9475, 47, 20, 67, 50, 55, 44, No, Yes, 8
148, Matheus, Machado, 20, Cuiabá, Sweeper, 7085, 60, 76, 3, 84, 64, 73, No, No, 0
149, João Pedro, Dias, 28, Fortaleza, Midfielder, 4906, 20, 17, 62, 5, 2, 16, No, No, 0
150, Vitor, Gonçalves, 19, Botafogo, Goalkepper, 6187, 39, 37, 32, 77, 15, 34, Yes, No, 0
151, Rafael, Carvalho, 39, Santos, Midfielder, 4837, 46, 65, 7, 13, 51, 95, Yes, Yes, 8
152, Miguel, Fernandes, 31, Flamengo, Striker, 1779, 37, 11, 72, 15, 52, 36, No, Yes, 4
153, Rafael, Ferreira, 16, Cuiabá, Striker, 5806, 28, 27, 41, 18, 13, 44, No, No, 0
154, Lorenzo, Alves, 27, América-MG, Defender, 5727, 41, 36, 68, 34, 63, 5, Yes, No, 0
155, Matheus, Nunes, 20, Grêmio, Sweeper, 9590, 37, 34, 27, 13, 60, 54, Yes, No, 0
156, Davi, Nascimento, 38, Bahia, Sweeper, 1437, 51, 63, 85, 1, 10, 97, Yes, No, 0
157, Murilo, Nunes, 31, Atlético-MG, Defender, 5882, 45, 8, 88, 25, 88, 17, No, No, 0
158, Matheus, Vieira, 40, Fluminense, Sweeper, 6284, 34, 2, 95, 13, 15, 46, Yes, No, 0
159, Lucas, Dias, 40, Cuiabá, Striker, 6618, 51, 91, 29, 91, 5, 41, No, Yes, 10
160, Diego, Freitas, 29, Grêmio, Midfielder, 7687, 50, 91, 54, 22, 63, 24, Yes, No, 0
161, Felipe, Vieira, 29, Grêmio, Sweeper, 4094, 47, 66, 68, 56, 11, 37, No, No, 0
162, Rafael, Mendes, 38, América-MG, Goalkepper, 3937, 46, 6, 59, 92, 50, 23, Yes, Yes, 1
163, Gustavo, Teixeira, 23, Grêmio, Midfielder, 1732, 50, 28, 49, 15, 95, 67, No, Yes, 6
164, Caio, Rodrigues, 39, Flamengo, Striker, 7918, 62, 8, 75, 95, 99, 34, No, No, 0
165, Murilo, Souza, 22, São Paulo, Goalkepper, 3559, 32, 2, 53, 10, 17, 79, No, No, 0
166, Miguel, Almeida, 16, Flamengo, Defender, 4161, 47, 56, 56, 42, 5, 77, No, No, 0
167, Pietro, Ramos, 40, Palmeiras, Goalkepper, 2262, 49, 37, 98, 35, 21, 57, Yes, Yes, 9
168, Heitor, Lima, 37, São Paulo, Midfielder, 5056, 58, 29, 51, 61, 56, 94, No, Yes, 1
169, Matheus, Carvalho, 39, Atlético-MG, Defender, 5229, 68, 55, 37, 66, 91, 92, No, No, 0
170, Samuel, Lopes, 28, Bragantino, Sweeper, 9987, 61, 46, 71, 94, 95, 2, Yes, Yes, 9
171, Heitor, Moreira, 28, Goiás, Goalkepper, 5212, 33, 5, 97, 15, 10, 39, Yes, No, 0
172, Guilherme, Gomes, 20, Cruzeiro, Striker, 9179, 64, 42, 71, 85, 60, 66, No, No, 0
173, João Pedro, Moreira, 27, Athletico-PR, Sweeper, 6223, 31, 3, 24, 24, 59, 45, Yes, Yes, 1
174, João Gabriel, Mendes, 24, Atlético-MG, Sweeper, 9419, 44, 40, 31, 4, 56, 90, Yes, Yes, 11
175, Miguel, Santos, 37, América-MG, Defender, 9467, 37, 33, 39, 91, 24, 1, No, No, 0
176, Miguel, Ferreira, 36, Athletico-PR, Defender, 4117, 51, 38, 75, 26, 82, 38, No, Yes, 9
177, Cauã, Oliveira, 22, Vasco, Sweeper, 9810, 66, 75, 17, 69, 79, 91, Yes, Yes, 1
178, Lucas, Oliveira, 26, Grêmio, Midfielder, 2943, 22, 26, 33, 31, 9, 12, Yes, Yes, 12
179, Bernardo, Cardoso, 32, Bahia, Midfielder, 7944, 55, 84, 67, 59, 27, 41, Yes, Yes, 7
180, João, Andrade, 37, Flamengo, Striker, 6555, 69, 58, 40, 78, 94, 76, Yes, No, 0
181, Thiago, Ribeiro, 26, Fluminense, Goalkepper, 1686, 49, 78, 31, 45, 25, 69, No, No, 0
182, Daniel, Teixeira, 31, Vasco, Sweeper, 1074, 69, 81, 57, 95, 70, 46, No, Yes, 3
183, Guilherme, Silva, 17, Grêmio, Goalkepper, 6896, 52, 67, 96, 1, 12, 87, No, No, 0
184, Nicolas, Gomes, 21, Flamengo, Defender, 9846, 61, 34, 87, 4, 85, 95, No, No, 0
185, Miguel, Santos, 27, Flamengo, Midfielder, 4133, 63, 67, 81, 94, 55, 22, No, Yes, 11
186, Gustavo, Soares, 22, Coritiba, Sweeper, 6290, 28, 21, 19, 27, 48, 27, Yes, No, 0
187, Lorenzo, Nascimento, 27, Fortaleza, Striker, 2291, 52, 98, 5, 41, 24, 96, No, No, 0
188, Murilo, Nunes, 28, Atlético-MG, Defender, 1230, 29, 33, 53, 3, 19, 41, Yes, No, 0
189, Diego, Vieira, 22, Vasco, Striker, 3531, 41, 52, 54, 23, 27, 50, No, No, 0
190, Pedro, Nunes, 26, Cuiabá, Midfielder, 1022, 27, 29, 6, 40, 39, 25, Yes, Yes, 11
191, Vinicius, Teixeira, 30, Palmeiras, Goalkepper, 3404, 31, 19, 5, 25, 98, 10, No, No, 0
192, Vitor, Vieira, 16, Atlético-MG, Defender, 5741, 34, 4, 40, 5, 64, 61, No, Yes, 1
193, Lucca, Santana, 36, Goiás, Sweeper, 1580, 27, 77, 5, 6, 31, 18, Yes, No, 0
194, Lucas, Gomes, 23, Cuiabá, Striker, 7613, 61, 27, 81, 82, 80, 39, Yes, No, 0
195, Lorenzo, Dias, 36, São Paulo, Striker, 2959, 67, 54, 97, 18, 75, 95, Yes, No, 0
196, Caio, Nascimento, 16, Vasco, Defender, 4139, 39, 64, 40, 51, 16, 27, Yes, Yes, 6
197, Heitor, Ferreira, 30, Goiás, Defender, 3717, 39, 13, 54, 52, 70, 6, Yes, Yes, 9
198, Vinicius, Lima, 17, Cruzeiro, Striker, 3265, 56, 82, 76, 40, 23, 63, No, No, 0
199, Bernardo, Vieira, 27, Goiás, Midfielder, 8427, 42, 55, 46, 86, 6, 20, No, Yes, 6
200, Felipe, Lima, 20, São Paulo, Sweeper, 9093, 51, 78, 91, 13, 9, 68, No, Yes, 8
201, João Vitor, Freitas, 21, Vasco, Defender, 1771, 29, 11, 41, 2, 28, 64, Yes, No, 0
202, Guilherme, Santos, 17, Palmeiras, Striker, 3887, 56, 34, 91, 36, 56, 63, Yes, No, 0
203, Enzo, Gomes, 40, Fortaleza, Goalkepper, 6928, 76, 89, 57, 50, 96, 90, No, No, 0
204, João Gabriel, Cardoso, 37, Bahia, Sweeper, 6531, 59, 66, 46, 98, 54, 31, Yes, Yes, 5
205, Samuel, Lima, 27, Internacional, Sweeper, 5987, 28, 87, 6, 2, 21, 25, No, Yes, 4
206, Nicolas, Santana, 18, Botafogo, Sweeper, 7471, 52, 5, 10, 99, 61, 88, Yes, Yes, 1
207, Leonardo, Santana, 32, Goiás, Goalkepper, 8078, 63, 9, 66, 83, 99, 62, Yes, No, 0
208, Matheus, Ramos, 29, Santos, Sweeper, 5718, 32, 6, 37, 36, 39, 45, Yes, Yes, 11
209, Daniel, Soares, 28, Goiás, Midfielder, 2475, 47, 33, 42, 70, 56, 37, Yes, Yes, 10
210, Nicolas, Dias, 34, Cuiabá, Midfielder, 7507, 41, 41, 95, 31, 10, 30, No, No, 0
211, Nicolas, Lopes, 16, Corinthians, Striker, 4056, 55, 49, 93, 89, 4, 43, No, Yes, 5
212, Miguel, Ramos, 24, Cuiabá, Midfielder, 3526, 64, 34, 24, 90, 80, 94, Yes, Yes, 9
213, Guilherme, Teixeira, 37, Cuiabá, Defender, 9207, 39, 32, 38, 80, 19, 28, No, Yes, 6
214, Samuel, Santana, 18, Athletico-PR, Striker, 2828, 68, 71, 53, 87, 39, 93, Yes, Yes, 8
215, Arthur, Moreira, 21, Vasco, Midfielder, 4347, 47, 24, 40, 3, 98, 74, Yes, No, 0
216, Leonardo, Gomes, 21, Goiás, Striker, 2547, 71, 89, 67, 52, 96, 54, Yes, No, 0
217, Thiago, Costa, 37, Fluminense, Goalkepper, 2793, 34, 59, 75, 12, 16, 12, No, No, 0
218, Gabriel, Oliveira, 30, Goiás, Defender, 3871, 40, 30, 38, 39, 51, 46, No, No, 0
219, Leonardo, Lima, 25, Corinthians, Goalkepper, 1823, 42, 16, 82, 18, 79, 18, No, No, 0
220, Guilherme, Nunes, 38, Bragantino, Defender, 8163, 42, 43, 66, 36, 30, 35, Yes, Yes, 6
221, Pietro, Soares, 20, Goiás, Striker, 6984, 32, 1, 20, 60, 26, 56, Yes, Yes, 5
222, Caio, Lima, 39, Fortaleza, Defender, 5205, 75, 91, 71, 63, 61, 89, No, Yes, 10
223, Murilo, Carvalho, 30, Fortaleza, Defender, 5242, 50, 43, 49, 58, 95, 9, Yes, Yes, 1
224, Daniel, Ramos, 24, Goiás, Midfielder, 9833, 49, 13, 87, 16, 55, 74, No, Yes, 2
225, Cauã, Carvalho, 25, Internacional, Midfielder, 7815, 43, 3, 24, 24, 87, 79, Yes, Yes, 9
226, Vinicius, Costa, 37, Flamengo, Midfielder, 9163, 35, 25, 92, 35, 23, 4, Yes, Yes, 12
227, Bernardo, Santana, 26, Fortaleza, Striker, 4260, 51, 74, 61, 29, 76, 17, No, Yes, 8
228, Guilherme, Andrade, 16, Cuiabá, Defender, 4900, 55, 84, 86, 55, 9, 44, Yes, No, 0
229, Samuel, Cardoso, 31, Palmeiras, Defender, 3825, 35, 3, 30, 38, 33, 72, No, No, 0
230, Heitor, Ferreira, 17, Vasco, Midfielder, 5932, 45, 60, 88, 55, 8, 17, No, Yes, 3
231, Gustavo, Pereira, 22, Bragantino, Midfielder, 4657, 42, 66, 88, 47, 1, 10, No, Yes, 6
232, João Gabriel, Fernandes, 30, Corinthians, Striker, 4064, 58, 24, 76, 71, 55, 67, No, No, 0
233, Matheus, Alves, 30, Vasco, Midfielder, 5608, 50, 61, 97, 12, 59, 21, No, No, 0
234, Caio, Nascimento, 32, Coritiba, Defender, 4570, 31, 11, 43, 3, 15, 84, No, Yes, 12
235, Daniel, Oliveira, 18, Cruzeiro, Defender, 3923, 36, 4, 59, 13, 15, 93, No, Yes, 7
236, Leonardo, Barbosa, 26, Vasco, Sweeper, 7874, 36, 75, 9, 69, 19, 8, Yes, Yes, 6
237, Thiago, Carvalho, 31, Fortaleza, Striker, 1970, 71, 90, 93, 26, 83, 67, Yes, Yes, 4
238, João Vitor, Teixeira, 22, Flamengo, Goalkepper, 8238, 37, 17, 57, 11, 44, 60, Yes, Yes, 8
239, Bernardo, Moreira, 40, Santos, Sweeper, 4053, 45, 23, 34, 88, 55, 27, Yes, Yes, 7
240, Leonardo, Teixeira, 30, América-MG, Midfielder, 1554, 43, 59, 22, 33, 93, 9, No, No, 0
241, Gustavo, Santana, 24, Flamengo, Striker, 4663, 50, 40, 92, 1, 98, 20, No, No, 0
242, Henrique, Fernandes, 38, Botafogo, Midfielder, 2985, 34, 17, 17, 54, 20, 65, Yes, Yes, 6
243, João, Pereira, 20, Flamengo, Sweeper, 7587, 50, 75, 31, 75, 39, 33, Yes, Yes, 6
244, Lorenzo, Moreira, 23, Corinthians, Defender, 4828, 56, 63, 12, 56, 97, 56, No, Yes, 1
245, João, Freitas, 23, América-MG, Striker, 4869, 46, 90, 32, 10, 3, 96, Yes, Yes, 3
246, Nicolas, Andrade, 26, Grêmio, Goalkepper, 1378, 38, 38, 9, 68, 38, 38, Yes, Yes, 1
247, Felipe, Almeida, 34, Bragantino, Defender, 6077, 46, 4, 69, 48, 97, 12, Yes, No, 0
248, Matheus, Andrade, 40, Coritiba, Goalkepper, 5544, 50, 54, 75, 46, 4, 73, Yes, No, 0
249, Enzo, Marques, 28, Atlético-MG, Striker, 4446, 50, 40, 27, 95, 58, 31, No, Yes, 9
250, Bernardo, Mendes, 39, Coritiba, Midfielder, 6191, 31, 75, 10, 57, 6, 11, No, Yes, 8
251, Pietro, Carvalho, 22, Corinthians, Sweeper, 2575, 49, 61, 11, 62, 23, 92, Yes, Yes, 5
252, Gustavo, Oliveira, 23, Internacional, Sweeper, 2676, 11, 1, 5, 7, 15, 28, No, No, 0
253, Pietro, Alves, 35, Santos, Defender, 4447, 68, 63, 16, 81, 86, 97, No, Yes, 1
254, Pedro, Oliveira, 32, Fortaleza, Goalkepper, 2143, 67, 24, 58, 95, 99, 63, Yes, Yes, 11
255, Eduardo, Carvalho, 37, Vasco, Striker, 1487, 40, 36, 43, 7, 68, 48, Yes, No, 0
256, Heitor, Oliveira, 26, Fluminense, Sweeper, 7412, 41, 87, 71, 14, 30, 7, No, Yes, 2
257, Daniel, Alves, 16, Flamengo, Defender, 8497, 54, 36, 81, 28, 96, 31, No, No, 0
258, Arthur, Souza, 33, Fortaleza, Midfielder, 1542, 54, 34, 30, 82, 96, 30, No, No, 0
259, João Gabriel, Oliveira, 39, Palmeiras, Defender, 7553, 38, 67, 51, 44, 6, 23, No, No, 0
260, Isaac, Rocha, 22, Botafogo, Goalkepper, 1112, 30, 78, 40, 8, 14, 10, Yes, Yes, 2
261, Vitor, Martins, 29, Vasco, Sweeper, 7435, 65, 88, 25, 90, 83, 39, Yes, Yes, 3
262, Guilherme, Santos, 39, Coritiba, Midfielder, 3112, 49, 24, 51, 72, 45, 56, Yes, No, 0
263, Lucas, Souza, 25, Fluminense, Goalkepper, 7730, 49, 93, 2, 81, 6, 65, No, No, 0
264, João Pedro, Souza, 18, Flamengo, Sweeper, 3741, 54, 62, 51, 28, 54, 79, Yes, No, 0
265, Thiago, Carvalho, 40, São Paulo, Goalkepper, 3997, 69, 79, 86, 16, 92, 73, No, Yes, 11
266, Lucca, Marques, 37, Fortaleza, Goalkepper, 8295, 32, 18, 38, 99, 3, 3, No, No, 0
267, Pietro, Santos, 24, Grêmio, Striker, 9720, 48, 47, 28, 37, 77, 53, No, No, 0
268, Heitor, Cardoso, 19, Bragantino, Defender, 5698, 54, 6, 83, 49, 71, 63, Yes, No, 0
269, Rafael, Ribeiro, 17, São Paulo, Midfielder, 5424, 66, 36, 82, 78, 66, 68, Yes, No, 0
270, Guilherme, Santana, 16, Corinthians, Striker, 4084, 58, 44, 13, 43, 96, 96, Yes, Yes, 12
271, Vinicius, Nascimento, 33, Cuiabá, Midfielder, 7491, 71, 96, 61, 53, 81, 64, No, No, 0
272, Arthur, Santana, 17, Corinthians, Sweeper, 2213, 41, 42, 1, 94, 32, 37, No, No, 0
273, Henrique, Lima, 27, Cruzeiro, Sweeper, 6369, 40, 17, 29, 54, 4, 96, No, No, 0
274, Diego, Fernandes, 29, Flamengo, Sweeper, 2851, 47, 13, 45, 97, 21, 61, No, Yes, 4
275, João Pedro, Carvalho, 25, Palmeiras, Midfielder, 5925, 63, 82, 57, 81, 71, 25, Yes, No, 0
276, Enzo, Souza, 22, Cruzeiro, Defender, 9691, 39, 22, 89, 42, 32, 11, Yes, No, 0
277, Davi, Barbosa, 36, Bragantino, Defender, 4752, 37, 4, 72, 27, 70, 15, No, No, 0
278, João Pedro, Santos, 23, Botafogo, Goalkepper, 5747, 53, 60, 3, 75, 55, 75, No, No, 0
279, João Vitor, Souza, 28, Atlético-MG, Midfielder, 1873, 75, 88, 89, 18, 88, 93, No, Yes, 11
280, Davi, Pereira, 33, América-MG, Goalkepper, 4687, 62, 79, 89, 43, 16, 86, No, No, 0
281, Enzo, Martins, 34, Vasco, Midfielder, 5106, 63, 86, 69, 19, 42, 99, Yes, No, 0
282, Caio, Mendes, 40, Corinthians, Striker, 3903, 56, 38, 26, 60, 92, 68, Yes, Yes, 6
283, Samuel, Fernandes, 38, Coritiba, Defender, 4707, 28, 18, 2, 3, 81, 36, No, No, 0
284, Daniel, Fernandes, 17, Botafogo, Goalkepper, 3514, 36, 45, 14, 41, 51, 29, No, Yes, 9
285, Eduardo, Ferreira, 24, Cruzeiro, Striker, 1576, 57, 75, 62, 38, 42, 71, Yes, No, 0
286, Davi, Teixeira, 36, Bragantino, Striker, 3434, 41, 20, 46, 6, 48, 87, No, No, 0
287, Lucca, Souza, 36, Athletico-PR, Defender, 6508, 51, 86, 77, 53, 39, 3, No, No, 0
288, Caio, Souza, 28, São Paulo, Sweeper, 3701, 39, 15, 43, 46, 77, 14, No, No, 0
289, Gustavo, Lima, 25, Vasco, Sweeper, 1549, 52, 21, 74, 64, 65, 36, No, Yes, 4
290, Enzo, Pereira, 21, Internacional, Defender, 9503, 52, 59, 34, 50, 59, 59, Yes, No, 0
291, Matheus, Vieira, 24, Bahia, Goalkepper, 7684, 45, 60, 36, 56, 71, 4, Yes, No, 0
292, Henrique, Alves, 26, Coritiba, Sweeper, 5214, 43, 58, 29, 23, 70, 36, Yes, No, 0
293, Isaac, Vieira, 36, Grêmio, Goalkepper, 6247, 39, 19, 11, 11, 64, 94, Yes, Yes, 5
294, Caio, Martins, 36, Botafogo, Defender, 4149, 39, 41, 49, 9, 57, 41, No, No, 0
295, Rafael, Fernandes, 17, Grêmio, Defender, 6010, 47, 54, 37, 58, 28, 59, No, No, 0
296, Diego, Marques, 28, Palmeiras, Striker, 2523, 63, 80, 13, 87, 47, 88, Yes, No, 0
297, Arthur, Marques, 23, Athletico-PR, Striker, 4231, 48, 34, 39, 90, 24, 55, No, No, 0
298, Isaac, Ribeiro, 31, América-MG, Defender, 7433, 42, 9, 39, 91, 67, 4, Yes, Yes, 7
299, Diego, Carvalho, 17, Bahia, Goalkepper, 5670, 47, 45, 38, 88, 15, 51, Yes, Yes, 4
300, Pietro, Rodrigues, 31, Bahia, Goalkepper, 8411, 41, 41, 41, 38, 12, 75, No, No, 0
301, João, Alves, 16, Corinthians, Goalkepper, 3074, 54, 58, 54, 37, 38, 84, No, No, 0
302, Enzo, Gomes, 16, Goiás, Striker, 4018, 65, 43, 64, 60, 99, 63, No, No, 0
303, Matheus, Andrade, 37, Fortaleza, Midfielder, 3321, 49, 18, 72, 52, 15, 88, No, No, 0
304, Isaac, Andrade, 27, Goiás, Goalkepper, 1782, 40, 65, 19, 64, 2, 52, No, No, 0
305, Pedro, Machado, 24, Bahia, Midfielder, 2149, 41, 1, 89, 18, 34, 65, No, Yes, 8
306, Lorenzo, Machado, 21, Bahia, Defender, 6466, 57, 80, 19, 78, 38, 72, Yes, Yes, 10
307, Daniel, Lima, 39, Vasco, Defender, 1612, 57, 40, 42, 50, 56, 99, Yes, Yes, 11
308, Rafael, Dias, 32, Corinthians, Striker, 1498, 41, 57, 80, 41, 17, 12, No, Yes, 6
309, Miguel, Pereira, 25, Bahia, Midfielder, 8955, 68, 61, 89, 43, 65, 86, No, Yes, 10
310, Arthur, Soares, 23, Vasco, Goalkepper, 6826, 40, 60, 19, 6, 48, 71, No, Yes, 5
311, Vitor, Ribeiro, 32, Internacional, Goalkepper, 7686, 39, 9, 86, 10, 74, 17, Yes, No, 0
312, Lorenzo, Nunes, 34, Flamengo, Sweeper, 8660, 45, 18, 62, 48, 54, 47, No, Yes, 4
313, Thiago, Oliveira, 17, Santos, Goalkepper, 7908, 45, 49, 73, 29, 15, 60, No, Yes, 1
314, João Pedro, Nunes, 23, Bragantino, Sweeper, 3904, 36, 73, 23, 38, 3, 44, Yes, No, 0
315, Miguel, Ramos, 40, São Paulo, Striker, 8539, 22, 6, 1, 20, 63, 21, No, No, 0
316, Matheus, Ramos, 32, São Paulo, Midfielder, 2636, 51, 53, 38, 47, 75, 42, No, No, 0
317, Rafael, Dias, 35, Atlético-MG, Sweeper, 1827, 65, 10, 64, 84, 86, 85, No, Yes, 4
318, Pietro, Nunes, 16, Athletico-PR, Striker, 6543, 39, 34, 79, 7, 22, 54, Yes, Yes, 9
319, Lucca, Ramos, 36, São Paulo, Goalkepper, 9012, 57, 99, 88, 67, 30, 1, Yes, No, 0
320, João Vitor, Rodrigues, 27, Fluminense, Defender, 2176, 67, 43, 99, 96, 54, 47, No, Yes, 4
321, Arthur, Marques, 30, América-MG, Goalkepper, 9128, 55, 92, 50, 5, 76, 53, Yes, No, 0
322, João Gabriel, Dias, 38, Palmeiras, Striker, 5508, 40, 17, 96, 3, 39, 48, No, Yes, 9
323, Rafael, Ribeiro, 32, Cruzeiro, Striker, 8942, 43, 15, 63, 18, 57, 64, No, No, 0
324, Leonardo, Marques, 24, Cruzeiro, Striker, 2884, 89, 79, 97, 86, 92, 93, No, Yes, 5
325, Murilo, Fernandes, 38, Goiás, Goalkepper, 7968, 57, 74, 11, 70, 53, 80, Yes, Yes, 12
326, Enzo, Lopes, 35, Internacional, Defender, 3206, 42, 6, 16, 70, 42, 76, Yes, Yes, 3
327, Enzo, Almeida, 17, Coritiba, Goalkepper, 2153, 59, 12, 89, 51, 70, 75, No, No, 0
328, Heitor, Lopes, 32, Bahia, Midfielder, 5425, 30, 96, 30, 10, 10, 8, No, Yes, 5
329, Vinicius, Carvalho, 29, Corinthians, Defender, 5602, 54, 69, 97, 87, 7, 14, Yes, Yes, 6
330, João, Santos, 33, Fortaleza, Goalkepper, 5509, 47, 48, 58, 46, 8, 75, Yes, Yes, 2
331, Murilo, Fernandes, 22, América-MG, Defender, 9585, 32, 21, 8, 99, 29, 7, Yes, Yes, 11
332, Heitor, Martins, 32, Palmeiras, Midfielder, 2777, 51, 18, 77, 19, 64, 79, Yes, Yes, 2
333, Gabriel, Almeida, 40, Flamengo, Sweeper, 6802, 40, 41, 85, 53, 11, 12, No, No, 0
334, Cauã, Pereira, 24, Bahia, Goalkepper, 6843, 49, 69, 2, 77, 57, 40, Yes, Yes, 1
335, João Pedro, Machado, 19, América-MG, Defender, 7947, 39, 38, 72, 61, 20, 8, No, No, 0
336, Caio, Costa, 31, Vasco, Striker, 7721, 43, 4, 80, 56, 37, 41, Yes, Yes, 5
337, Lorenzo, Soares, 19, Coritiba, Defender, 5015, 34, 52, 4, 54, 31, 31, Yes, No, 0
338, Miguel, Lima, 36, Palmeiras, Defender, 2442, 67, 67, 98, 94, 26, 51, Yes, No, 0
339, Lucas, Nascimento, 17, Bahia, Defender, 5324, 42, 19, 95, 9, 72, 16, Yes, No, 0
340, João Vitor, Alves, 21, Coritiba, Midfielder, 1866, 68, 81, 46, 91, 26, 99, Yes, No, 0
341, Henrique, Ramos, 21, Bragantino, Defender, 4682, 54, 76, 21, 73, 2, 98, No, Yes, 11
342, Leonardo, Machado, 30, Grêmio, Striker, 3846, 61, 75, 51, 73, 52, 57, No, Yes, 11
343, Enzo, Rocha, 33, Fluminense, Sweeper, 7776, 61, 70, 84, 20, 67, 66, Yes, Yes, 4
344, Enzo, Ramos, 33, Vasco, Midfielder, 9691, 63, 94, 79, 53, 35, 56, No, Yes, 1
345, Caio, Moreira, 22, Fortaleza, Goalkepper, 8872, 36, 50, 37, 82, 14, 1, No, Yes, 10
346, Miguel, Carvalho, 26, São Paulo, Defender, 1351, 78, 87, 80, 90, 52, 84, No, Yes, 8
347, Murilo, Silva, 30, Fortaleza, Striker, 5503, 32, 69, 3, 9, 24, 55, No, Yes, 1
348, Felipe, Mendes, 17, Fluminense, Goalkepper, 1617, 61, 4, 95, 53, 65, 89, No, No, 0
349, Arthur, Soares, 21, Corinthians, Defender, 8155, 49, 40, 74, 28, 17, 87, Yes, No, 0
350, Lucca, Alves, 22, Coritiba, Striker, 8346, 43, 71, 86, 2, 28, 32, Yes, Yes, 1
351, Vinicius, Lopes, 23, Flamengo, Sweeper, 9253, 57, 55, 24, 92, 62, 52, No, Yes, 10
352, Eduardo, Rocha, 27, Palmeiras, Goalkepper, 9831, 44, 57, 11, 61, 26, 67, No, No, 0
353, Murilo, Freitas, 35, Athletico-PR, Goalkepper, 2851, 31, 62, 27, 2, 36, 29, Yes, Yes, 11
354, Bernardo, Soares, 29, Cruzeiro, Goalkepper, 8182, 33, 23, 99, 16, 11, 19, Yes, No, 0
355, Miguel, Rodrigues, 30, Athletico-PR, Goalkepper, 1593, 43, 30, 76, 38, 29, 46, No, No, 0
356, Lucca, Silva, 18, Fortaleza, Sweeper, 3014, 35, 19, 23, 22, 63, 48, Yes, Yes, 4
357, João Gabriel, Pereira, 33, Fortaleza, Defender, 6091, 59, 73, 62, 65, 21, 78, No, No, 0
358, Matheus, Nunes, 27, Cuiabá, Sweeper, 8156, 53, 56, 23, 77, 92, 17, Yes, Yes, 12
359, Isaac, Ramos, 16, Fortaleza, Defender, 2057, 48, 85, 27, 14, 57, 58, No, Yes, 5
360, Heitor, Gonçalves, 22, Cruzeiro, Sweeper, 1689, 59, 54, 37, 75, 58, 71, Yes, No, 0
361, Lorenzo, Vieira, 25, Palmeiras, Goalkepper, 8055, 42, 3, 51, 48, 77, 35, No, No, 0
362, João, Silva, 25, Cruzeiro, Midfielder, 5417, 44, 20, 71, 20, 58, 54, Yes, Yes, 2
363, Nicolas, Gomes, 23, América-MG, Sweeper, 2869, 46, 49, 91, 44, 2, 46, Yes, Yes, 2
364, Eduardo, Barbosa, 16, América-MG, Defender, 5793, 63, 14, 99, 97, 79, 28, No, Yes, 12
365, Vitor, Oliveira, 16, Atlético-MG, Goalkepper, 6531, 44, 22, 79, 32, 7, 83, Yes, No, 0
366, Samuel, Oliveira, 33, Bahia, Sweeper, 4345, 40, 78, 21, 7, 32, 64, Yes, No, 0
367, Isaac, Ribeiro, 16, Santos, Midfielder, 2106, 32, 2, 50, 34, 12, 62, Yes, No, 0
368, Enzo, Soares, 17, Internacional, Defender, 8237, 64, 38, 64, 48, 75, 98, Yes, No, 0
369, Isaac, Gomes, 30, Fluminense, Goalkepper, 2593, 43, 82, 64, 27, 23, 22, No, No, 0
370, Murilo, Cardoso, 20, Atlético-MG, Defender, 3414, 29, 54, 59, 13, 8, 13, Yes, No, 0
371, Matheus, Ribeiro, 24, Cruzeiro, Goalkepper, 7752, 60, 48, 87, 56, 62, 50, No, No, 0
372, Davi, Pereira, 22, São Paulo, Goalkepper, 5755, 37, 17, 13, 59, 46, 53, Yes, Yes, 11
373, Enzo, Costa, 40, São Paulo, Midfielder, 9589, 41, 73, 7, 10, 90, 26, No, No, 0
374, Lucca, Dias, 40, Santos, Midfielder, 1129, 40, 20, 54, 40, 39, 48, Yes, Yes, 6
375, Enzo, Souza, 38, Corinthians, Striker, 7847, 40, 18, 28, 97, 29, 32, No, Yes, 1
376, Miguel, Gomes, 18, Cuiabá, Sweeper, 5104, 41, 48, 60, 58, 40, 1, No, No, 0
377, Bernardo, Marques, 36, Fluminense, Goalkepper, 1399, 59, 85, 21, 59, 66, 66, Yes, Yes, 1
378, Rafael, Lopes, 30, Cuiabá, Goalkepper, 6140, 60, 75, 47, 86, 89, 5, Yes, No, 0
379, Miguel, Rocha, 36, Goiás, Sweeper, 5186, 36, 6, 56, 54, 62, 5, No, Yes, 11
380, Davi, Alves, 35, Coritiba, Goalkepper, 4694, 40, 15, 89, 24, 65, 10, Yes, Yes, 2
381, Enzo, Vieira, 23, Cuiabá, Midfielder, 5321, 37, 55, 10, 57, 19, 45, No, No, 0
382, Vinicius, Machado, 23, Internacional, Sweeper, 2098, 40, 21, 12, 81, 23, 64, Yes, No, 0
383, Samuel, Marques, 31, Fluminense, Midfielder, 5302, 33, 55, 4, 12, 22, 73, Yes, No, 0
384, Gustavo, Costa, 21, Bahia, Midfielder, 3054, 57, 69, 60, 88, 63, 9, Yes, Yes, 12
385, João, Nascimento, 18, Botafogo, Defender, 9709, 32, 62, 3, 4, 68, 24, No, Yes, 3
386, Pietro, Machado, 17, Cuiabá, Defender, 5981, 62, 77, 91, 64, 32, 49, Yes, Yes, 1
387, João, Dias, 29, Fortaleza, Midfielder, 4881, 49, 38, 34, 68, 20, 88, No, No, 0
388, Thiago, Nascimento, 31, Botafogo, Striker, 5860, 46, 21, 96, 69, 4, 41, Yes, Yes, 3
389, Lucas, Marques, 37, Grêmio, Striker, 6631, 32, 21, 68, 11, 35, 29, No, No, 0
390, Enzo, Ribeiro, 39, Goiás, Goalkepper, 4572, 43, 21, 39, 1, 62, 94, Yes, Yes, 2
391, Guilherme, Ribeiro, 18, Botafogo, Defender, 5770, 34, 7, 2, 30, 66, 66, No, No, 0
392, Enzo, Fernandes, 34, Athletico-PR, Defender, 8610, 64, 19, 59, 81, 76, 85, Yes, Yes, 10
393, Gustavo, Nunes, 27, Santos, Midfielder, 4320, 69, 76, 65, 60, 69, 75, Yes, No, 0
394, Heitor, Pereira, 16, Bahia, Midfielder, 6230, 56, 67, 66, 91, 24, 36, Yes, Yes, 5
395, João Gabriel, Andrade, 32, América-MG, Goalkepper, 3869, 37, 94, 2, 9, 81, 2, Yes, Yes, 8
396, Gustavo, Nascimento, 20, Botafogo, Defender, 4362, 30, 20, 70, 33, 9, 19, No, Yes, 2
397, Rafael, Carvalho, 28, Corinthians, Midfielder, 2186, 55, 15, 44, 54, 73, 89, Yes, No, 0
398, Diego, Dias, 38, América-MG, Striker, 3516, 36, 87, 28, 3, 58, 5, No, No, 0
399, Thiago, Cardoso, 28, Atlético-MG, Striker, 5677, 38, 51, 62, 22, 11, 47, Yes, No, 0
400, Isaac, Gomes, 27, Bragantino, Striker, 7914, 29, 12, 22, 65, 6, 43, No, No, 0
401, Lorenzo, Dias, 39, América-MG, Defender, 2633, 44, 39, 32, 41, 78, 31, No, No, 0
402, Caio, Freitas, 35, Vasco, Defender, 3600, 42, 28, 83, 64, 17, 18, No, No, 0
403, Diego, Cardoso, 38, Coritiba, Striker, 3428, 59, 56, 90, 68, 6, 75, No, No, 0
404, João Vitor, Andrade, 19, Athletico-PR, Striker, 6738, 36, 31, 44, 50, 19, 39, Yes, No, 0
405, Rafael, Freitas, 35, Cruzeiro, Defender, 3486, 62, 12, 77, 88, 63, 71, No, No, 0
406, Lucca, Costa, 38, Botafogo, Sweeper, 9912, 54, 82, 39, 5, 78, 69, No, No, 0
407, Samuel, Ramos, 39, Botafogo, Midfielder, 3195, 44, 41, 8, 75, 73, 25, Yes, No, 0
408, Pietro, Oliveira, 33, Atlético-MG, Sweeper, 2074, 64, 93, 80, 49, 71, 27, Yes, Yes, 12
409, Lucas, Teixeira, 18, América-MG, Sweeper, 5842, 66, 96, 5, 82, 59, 92, No, Yes, 11
410, Nicolas, Cardoso, 26, Fortaleza, Striker, 8668, 60, 73, 31, 73, 42, 82, Yes, Yes, 9
411, Lucca, Pereira, 19, Atlético-MG, Sweeper, 6735, 44, 32, 47, 75, 10, 58, No, No, 0
412, João Gabriel, Vieira, 18, Athletico-PR, Defender, 4162, 45, 7, 91, 13, 25, 89, No, Yes, 4
413, João Vitor, Fernandes, 28, São Paulo, Striker, 1327, 33, 5, 25, 75, 18, 45, Yes, No, 0
414, Caio, Oliveira, 29, Atlético-MG, Striker, 9953, 50, 62, 13, 86, 13, 80, Yes, Yes, 2
415, Daniel, Gomes, 40, Bragantino, Striker, 5945, 56, 91, 21, 49, 43, 77, No, No, 0
416, Diego, Moreira, 39, Vasco, Striker, 5443, 44, 82, 7, 57, 26, 51, Yes, Yes, 4
417, Guilherme, Gomes, 28, Vasco, Defender, 6479, 63, 90, 31, 83, 42, 69, Yes, Yes, 5
418, Arthur, Moreira, 27, Fluminense, Defender, 9128, 42, 36, 42, 24, 54, 55, No, No, 0
419, João, Rocha, 40, Grêmio, Sweeper, 4006, 43, 46, 20, 78, 44, 31, Yes, Yes, 2
420, Cauã, Santos, 26, Cuiabá, Striker, 5639, 65, 56, 71, 94, 9, 98, Yes, No, 0
421, João Vitor, Mendes, 37, Santos, Goalkepper, 5263, 39, 40, 63, 14, 59, 22, Yes, No, 0
422, Leonardo, Moreira, 31, Internacional, Midfielder, 8627, 68, 83, 78, 99, 48, 35, No, No, 0
423, João Pedro, Machado, 20, Fluminense, Defender, 6404, 44, 66, 7, 87, 2, 59, Yes, Yes, 10
424, Gabriel, Lima, 31, Coritiba, Defender, 1467, 37, 8, 92, 73, 2, 12, Yes, Yes, 9
425, Gustavo, Almeida, 18, Bahia, Goalkepper, 8819, 77, 82, 92, 96, 59, 58, No, No, 0
426, Diego, Vieira, 16, Athletico-PR, Striker, 7406, 55, 70, 37, 29, 85, 54, Yes, No, 0
427, Murilo, Ferreira, 25, Botafogo, Striker, 1331, 54, 44, 98, 39, 64, 27, No, No, 0
428, Cauã, Teixeira, 39, Fluminense, Midfielder, 8753, 33, 53, 63, 2, 42, 5, Yes, Yes, 4
429, Davi, Mendes, 38, Palmeiras, Sweeper, 3078, 52, 75, 44, 65, 3, 73, No, No, 0
430, Felipe, Nascimento, 31, Cruzeiro, Striker, 1080, 63, 20, 45, 92, 66, 95, No, Yes, 11
431, Caio, Santana, 32, Goiás, Striker, 3663, 53, 73, 5, 66, 73, 52, No, Yes, 2
432, Samuel, Marques, 17, Fluminense, Goalkepper, 5992, 44, 67, 1, 89, 39, 28, No, No, 0
433, Davi, Rodrigues, 19, Botafogo, Goalkepper, 3585, 54, 37, 35, 69, 53, 80, No, Yes, 9
434, Pedro, Costa, 34, Fortaleza, Defender, 7152, 69, 50, 73, 89, 64, 72, Yes, Yes, 12
435, Felipe, Alves, 30, Cuiabá, Defender, 1490, 37, 7, 90, 19, 32, 39, Yes, Yes, 3
436, Guilherme, Mendes, 18, Fluminense, Goalkepper, 2538, 25, 21, 18, 4, 25, 59, Yes, No, 0
437, João Vitor, Gonçalves, 39, Cruzeiro, Sweeper, 4308, 52, 72, 56, 45, 86, 4, Yes, Yes, 11
438, Vitor, Silva, 23, Grêmio, Striker, 4458, 37, 86, 40, 13, 42, 7, No, Yes, 5
439, Henrique, Machado, 23, Fortaleza, Striker, 9058, 54, 57, 87, 21, 71, 35, Yes, No, 0
440, Vitor, Silva, 22, Atlético-MG, Striker, 2838, 58, 49, 28, 83, 76, 58, Yes, No, 0
441, João Pedro, Nunes, 16, Bahia, Goalkepper, 3870, 65, 74, 74, 66, 40, 74, Yes, Yes, 4
442, Felipe, Vieira, 26, Internacional, Defender, 3576, 55, 29, 44, 63, 93, 49, Yes, No, 0
443, Cauã, Rodrigues, 28, Flamengo, Midfielder, 3582, 65, 51, 68, 97, 21, 91, Yes, No, 0
444, Pedro, Carvalho, 34, Internacional, Midfielder, 6254, 42, 30, 55, 31, 91, 5, Yes, No, 0
445, Gustavo, Teixeira, 21, Vasco, Midfielder, 3266, 44, 35, 30, 71, 14, 72, No, Yes, 9
446, Lorenzo, Barbosa, 23, Corinthians, Defender, 7316, 21, 20, 29, 22, 7, 27, Yes, No, 0
447, Samuel, Ribeiro, 31, Vasco, Sweeper, 5898, 34, 46, 41, 5, 63, 15, Yes, Yes, 8
448, Samuel, Alves, 38, Athletico-PR, Midfielder, 5086, 56, 12, 84, 24, 66, 97, No, No, 0
449, Caio, Lima, 40, Athletico-PR, Defender, 4880, 63, 97, 61, 76, 59, 24, No, Yes, 1
450, Diego, Machado, 25, Goiás, Sweeper, 5630, 49, 19, 53, 10, 88, 78, Yes, Yes, 3
451, João, Costa, 39, Cruzeiro, Striker, 6256, 47, 73, 48, 17, 77, 23, Yes, No, 0
452, João Vitor, Silva, 21, Goiás, Midfielder, 3041, 57, 66, 11, 53, 90, 66, No, Yes, 6
453, João Vitor, Cardoso, 23, Goiás, Goalkepper, 5287, 46, 1, 96, 23, 47, 67, Yes, Yes, 12
454, Henrique, Alves, 38, Cruzeiro, Midfielder, 7944, 66, 36, 61, 94, 55, 87, Yes, No, 0
455, Lorenzo, Ramos, 36, Cruzeiro, Goalkepper, 4031, 63, 48, 83, 60, 33, 93, Yes, Yes, 5
456, João Gabriel, Nascimento, 25, Internacional, Striker, 5976, 32, 53, 52, 49, 4, 6, No, No, 0
457, Henrique, Soares, 40, Atlético-MG, Sweeper, 4165, 71, 20, 86, 66, 86, 97, No, No, 0
458, Bernardo, Ferreira, 32, São Paulo, Striker, 5655, 37, 57, 32, 1, 16, 83, Yes, No, 0
459, Lorenzo, Souza, 31, Fluminense, Defender, 1214, 47, 58, 72, 66, 26, 16, Yes, No, 0
460, Vitor, Alves, 40, Grêmio, Goalkepper, 6552, 32, 11, 83, 4, 59, 6, Yes, No, 0
461, Nicolas, Oliveira, 26, Fluminense, Midfielder, 8659, 58, 66, 82, 7, 67, 68, No, Yes, 6
462, Davi, Carvalho, 31, Internacional, Sweeper, 4460, 40, 80, 38, 11, 36, 39, Yes, No, 0
463, Thiago, Cardoso, 26, Cruzeiro, Defender, 4391, 43, 49, 21, 77, 17, 51, Yes, No, 0
464, Lucas, Barbosa, 18, São Paulo, Goalkepper, 6587, 70, 31, 87, 94, 92, 50, No, Yes, 4
465, Daniel, Alves, 26, São Paulo, Goalkepper, 6649, 58, 26, 99, 79, 86, 2, No, No, 0
466, Bernardo, Gonçalves, 33, Palmeiras, Defender, 8456, 76, 68, 88, 87, 85, 53, Yes, No, 0
467, Samuel, Almeida, 20, Bragantino, Midfielder, 2801, 52, 80, 49, 71, 14, 47, Yes, No, 0
468, Enzo, Ribeiro, 23, Cuiabá, Sweeper, 9243, 70, 19, 75, 75, 88, 95, No, Yes, 12
469, Isaac, Silva, 20, Flamengo, Sweeper, 3105, 31, 72, 32, 23, 11, 21, Yes, No, 0
470, Vinicius, Marques, 37, Cruzeiro, Striker, 6278, 46, 3, 88, 20, 33, 87, Yes, No, 0
471, Isaac, Rodrigues, 20, Palmeiras, Midfielder, 5553, 43, 94, 74, 2, 45, 1, Yes, No, 0
472, Vitor, Moreira, 37, Cuiabá, Midfielder, 4749, 39, 93, 39, 9, 19, 37, Yes, No, 0
473, Enzo, Oliveira, 39, Grêmio, Sweeper, 4181, 31, 26, 43, 36, 35, 18, Yes, Yes, 2
474, Miguel, Almeida, 27, Vasco, Defender, 3455, 53, 28, 28, 13, 99, 97, No, Yes, 8
475, Lorenzo, Santana, 23, Coritiba, Midfielder, 9602, 47, 85, 4, 36, 87, 23, No, No, 0
476, Lorenzo, Almeida, 16, América-MG, Goalkepper, 7306, 63, 73, 39, 99, 46, 58, No, Yes, 11
477, Enzo, Silva, 40, Corinthians, Goalkepper, 2907, 58, 95, 58, 85, 20, 33, Yes, Yes, 1
478, Felipe, Martins, 33, Cuiabá, Striker, 3467, 38, 16, 57, 30, 22, 66, No, Yes, 9
479, Eduardo, Marques, 20, Cuiabá, Midfielder, 5561, 63, 66, 75, 39, 75, 64, No, Yes, 12
480, Felipe, Ribeiro, 26, Internacional, Midfielder, 5523, 46, 46, 60, 59, 55, 13, Yes, Yes, 1
481, Rafael, Gonçalves, 26, Bahia, Goalkepper, 5429, 25, 34, 43, 40, 7, 1, No, Yes, 4
482, Enzo, Gomes, 39, Vasco, Midfielder, 1578, 69, 90, 50, 94, 28, 86, Yes, No, 0
483, Enzo, Andrade, 31, Vasco, Sweeper, 3740, 57, 18, 66, 77, 30, 97, Yes, Yes, 3
484, João, Ribeiro, 23, Cruzeiro, Striker, 8350, 33, 26, 28, 46, 51, 18, Yes, No, 0
485, João Vitor, Ferreira, 29, Bahia, Defender, 2784, 31, 29, 27, 22, 65, 16, No, Yes, 7
486, João Pedro, Andrade, 29, América-MG, Midfielder, 2976, 47, 59, 43, 8, 97, 31, No, No, 0
487, Vitor, Pereira, 20, Botafogo, Midfielder, 6812, 47, 67, 13, 11, 60, 84, No, Yes, 8
488, João, Cardoso, 19, São Paulo, Midfielder, 4485, 61, 3, 77, 94, 36, 99, Yes, No, 0
489, Miguel, Marques, 37, Athletico-PR, Defender, 3427, 62, 85, 64, 45, 91, 28, Yes, Yes, 5
490, Pietro, Lopes, 40, Botafogo, Goalkepper, 9489, 41, 8, 24, 80, 89, 6, Yes, No, 0
491, Samuel, Carvalho, 21, Bahia, Defender, 1684, 52, 5, 23, 61, 99, 75, No, No, 0
492, Heitor, Lopes, 28, Vasco, Midfielder, 3831, 26, 39, 6, 14, 55, 17, No, Yes, 8
493, Thiago, Lima, 36, Grêmio, Midfielder, 6465, 36, 4, 57, 58, 10, 52, No, Yes, 7
494, Bernardo, Lopes, 17, Goiás, Sweeper, 4149, 37, 41, 51, 76, 8, 9, No, Yes, 4
495, Cauã, Gomes, 29, Grêmio, Striker, 3318, 53, 40, 83, 78, 23, 43, Yes, Yes, 8
496, João Gabriel, Ramos, 28, Bragantino, Striker, 2605, 55, 99, 29, 4, 76, 71, No, No, 0
497, Guilherme, Martins, 22, Santos, Sweeper, 7443, 35, 84, 64, 11, 4, 12, Yes, No, 0
498, Samuel, Marques, 27, Internacional, Midfielder, 4521, 69, 80, 75, 18, 75, 97, No, Yes, 12
499, Caio, Ribeiro, 33, Santos, Midfielder, 5878, 51, 22, 96, 31, 80, 27, No, Yes, 11
500, Rafael, Vieira, 38, América-MG, Striker, 3155, 70, 91, 94, 45, 42, 80, No, Yes, 9
501, João, Teixeira, 27, Coritiba, Defender, 2147, 55, 98, 9, 95, 2, 71, No, Yes, 1
502, Henrique, Nascimento, 35, Athletico-PR, Defender, 2523, 52, 91, 79, 9, 44, 39, Yes, Yes, 9
503, Gustavo, Nunes, 36, Bahia, Midfielder, 7323, 61, 91, 89, 75, 2, 51, Yes, Yes, 4
504, Matheus, Ferreira, 28, Atlético-MG, Sweeper, 3956, 77, 67, 65, 99, 86, 71, Yes, No, 0
505, Isaac, Lima, 32, Flamengo, Midfielder, 1249, 37, 14, 55, 37, 35, 48, Yes, No, 0
506, Leonardo, Mendes, 35, Coritiba, Sweeper, 3195, 27, 73, 7, 18, 24, 14, Yes, Yes, 2
507, João Vitor, Marques, 38, Bahia, Striker, 8543, 35, 22, 56, 4, 25, 71, Yes, No, 0
508, Diego, Santos, 27, Bahia, Midfielder, 6625, 58, 64, 5, 90, 50, 81, Yes, No, 0
509, João Vitor, Teixeira, 17, Santos, Midfielder, 2760, 63, 82, 54, 38, 61, 83, No, No, 0
510, Davi, Souza, 39, Cruzeiro, Midfielder, 5351, 75, 94, 93, 7, 85, 97, Yes, Yes, 8
511, Miguel, Cardoso, 36, São Paulo, Sweeper, 3106, 49, 79, 51, 23, 83, 12, Yes, No, 0
512, Isaac, Gomes, 24, Cuiabá, Goalkepper, 2599, 49, 41, 75, 40, 60, 32, No, No, 0
513, Miguel, Machado, 31, Fortaleza, Striker, 6749, 67, 25, 68, 79, 88, 76, Yes, Yes, 11
514, Samuel, Santos, 16, Bahia, Defender, 3393, 42, 8, 12, 91, 73, 27, Yes, No, 0
515, João, Nunes, 21, Corinthians, Goalkepper, 3182, 50, 68, 20, 71, 32, 62, Yes, Yes, 4
516, Nicolas, Souza, 36, América-MG, Sweeper, 9561, 57, 98, 29, 26, 98, 35, No, Yes, 7
517, Isaac, Ribeiro, 18, Bragantino, Striker, 8326, 46, 61, 53, 80, 30, 7, Yes, Yes, 11
518, Miguel, Moreira, 37, Bragantino, Sweeper, 8321, 25, 65, 21, 29, 9, 5, No, Yes, 9
519, Cauã, Souza, 35, Fortaleza, Goalkepper, 7835, 49, 9, 98, 4, 43, 93, No, Yes, 4
520, Isaac, Costa, 35, Grêmio, Midfielder, 3967, 55, 68, 1, 60, 52, 94, No, No, 0
521, Vitor, Barbosa, 28, Palmeiras, Midfielder, 7812, 43, 91, 45, 10, 52, 21, No, Yes, 2
522, Cauã, Vieira, 26, Cuiabá, Striker, 3740, 47, 63, 49, 85, 27, 13, No, No, 0
523, Miguel, Marques, 35, Flamengo, Goalkepper, 3979, 20, 67, 4, 3, 15, 13, Yes, No, 0
524, João, Ferreira, 40, Internacional, Goalkepper, 6049, 56, 77, 69, 59, 15, 60, Yes, Yes, 7
525, Caio, Oliveira, 33, Fluminense, Midfielder, 1629, 47, 41, 98, 16, 71, 13, Yes, No, 0
526, Pietro, Ferreira, 27, Grêmio, Striker, 4446, 31, 32, 27, 28, 34, 38, No, Yes, 11
527, Enzo, Santos, 38, América-MG, Sweeper, 8979, 67, 96, 3, 77, 85, 75, Yes, Yes, 5
528, Thiago, Gonçalves, 20, Internacional, Sweeper, 9004, 60, 28, 90, 29, 75, 82, No, Yes, 3
529, João Pedro, Rodrigues, 35, Grêmio, Midfielder, 3051, 66, 52, 60, 96, 31, 95, Yes, Yes, 12
530, Eduardo, Cardoso, 27, Fluminense, Midfielder, 1489, 74, 93, 40, 94, 77, 70, No, No, 0
531, Pietro, Ferreira, 39, Corinthians, Striker, 7761, 58, 96, 42, 65, 58, 32, Yes, Yes, 4
532, Felipe, Vieira, 19, Bragantino, Striker, 1169, 48, 14, 54, 98, 8, 66, Yes, Yes, 4
533, Gustavo, Costa, 22, Botafogo, Sweeper, 8434, 59, 39, 97, 98, 20, 43, No, No, 0
534, Pietro, Marques, 26, Coritiba, Midfielder, 2182, 33, 21, 23, 21, 79, 22, No, Yes, 12
535, Bernardo, Alves, 16, Coritiba, Midfielder, 2969, 48, 50, 84, 56, 47, 7, No, Yes, 10
536, Thiago, Dias, 30, Internacional, Midfielder, 1809, 71, 93, 93, 91, 64, 17, Yes, No, 0
537, Vitor, Machado, 39, Vasco, Midfielder, 1757, 55, 14, 91, 21, 83, 70, No, Yes, 9
538, Felipe, Carvalho, 37, Athletico-PR, Defender, 8244, 50, 2, 52, 84, 94, 19, No, No, 0
539, Lorenzo, Lopes, 30, Santos, Defender, 1802, 46, 27, 69, 33, 84, 18, Yes, No, 0
540, Gabriel, Martins, 19, Fluminense, Goalkepper, 5529, 26, 4, 18, 65, 22, 21, No, No, 0
541, Miguel, Santana, 24, América-MG, Goalkepper, 8762, 47, 94, 40, 22, 32, 48, No, Yes, 5
542, Pedro, Gonçalves, 19, Atlético-MG, Goalkepper, 1165, 58, 67, 45, 89, 36, 57, Yes, No, 0
543, João, Pereira, 21, Athletico-PR, Sweeper, 4178, 39, 88, 10, 15, 27, 56, Yes, Yes, 10
544, Lucas, Ramos, 25, Fluminense, Goalkepper, 1019, 60, 75, 64, 3, 98, 60, Yes, Yes, 1
545, Matheus, Lima, 29, Athletico-PR, Goalkepper, 9012, 49, 28, 84, 28, 16, 89, No, Yes, 10
546, Rafael, Vieira, 17, América-MG, Defender, 9986, 69, 83, 93, 92, 10, 71, Yes, Yes, 7
547, João, Freitas, 33, Internacional, Defender, 3017, 71, 92, 55, 82, 93, 33, No, Yes, 11
548, João Pedro, Santana, 35, Flamengo, Goalkepper, 4140, 49, 64, 22, 84, 27, 52, No, Yes, 4
549, Pietro, Moreira, 29, Goiás, Defender, 2650, 49, 15, 76, 92, 17, 45, Yes, Yes, 10
550, Vitor, Moreira, 36, Corinthians, Goalkepper, 2379, 80, 86, 93, 48, 93, 84, No, Yes, 6
551, Nicolas, Gomes, 35, Corinthians, Midfielder, 2168, 33, 4, 69, 11, 54, 31, No, No, 0
552, Samuel, Rocha, 40, Santos, Midfielder, 2910, 47, 33, 96, 95, 14, 1, Yes, No, 0
553, Nicolas, Lopes, 33, Internacional, Striker, 8859, 65, 92, 81, 75, 31, 46, Yes, Yes, 2
554, Vitor, Santana, 34, Internacional, Defender, 6082, 70, 92, 74, 99, 9, 79, No, Yes, 11
555, Arthur, Ramos, 35, Coritiba, Sweeper, 3383, 79, 69, 92, 89, 51, 95, Yes, Yes, 12
556, Enzo, Lopes, 19, Coritiba, Sweeper, 3044, 65, 85, 6, 87, 63, 87, Yes, Yes, 10
557, Gustavo, Fernandes, 29, Bragantino, Sweeper, 5579, 43, 7, 34, 80, 15, 79, Yes, Yes, 7
558, João, Santos, 25, Fortaleza, Goalkepper, 9405, 52, 29, 86, 55, 81, 13, Yes, Yes, 3
559, João Vitor, Alves, 38, Atlético-MG, Midfielder, 3229, 38, 10, 6, 49, 46, 79, Yes, Yes, 8
560, Lucas, Barbosa, 29, Bragantino, Goalkepper, 1204, 52, 21, 19, 75, 73, 72, Yes, Yes, 2
561, Lucas, Fernandes, 21, Palmeiras, Goalkepper, 5549, 42, 63, 55, 14, 76, 5, No, No, 0
562, Diego, Souza, 16, Bahia, Defender, 6326, 39, 52, 18, 34, 78, 16, Yes, No, 0
563, Gabriel, Soares, 20, Botafogo, Midfielder, 8867, 59, 75, 48, 34, 73, 68, Yes, Yes, 12
564, João Pedro, Souza, 37, Grêmio, Defender, 5517, 48, 4, 79, 72, 11, 75, Yes, Yes, 9
565, João, Freitas, 20, Bahia, Sweeper, 8395, 53, 55, 52, 13, 93, 55, Yes, No, 0
566, Samuel, Nascimento, 26, Grêmio, Goalkepper, 6885, 38, 40, 60, 2, 44, 44, No, Yes, 3
567, Vinicius, Alves, 32, Fluminense, Sweeper, 2795, 51, 49, 39, 60, 13, 96, Yes, No, 0
568, João, Soares, 32, Atlético-MG, Goalkepper, 1983, 58, 58, 60, 53, 24, 99, No, No, 0
569, Bernardo, Carvalho, 17, Palmeiras, Sweeper, 1958, 46, 42, 13, 65, 99, 11, No, No, 0
570, João Vitor, Dias, 18, América-MG, Defender, 2848, 37, 50, 45, 12, 45, 37, No, Yes, 4
571, Henrique, Santos, 16, Palmeiras, Goalkepper, 8855, 66, 81, 87, 44, 64, 54, No, Yes, 4
572, Lucca, Gonçalves, 23, Palmeiras, Defender, 6376, 34, 21, 9, 14, 89, 38, No, Yes, 3
573, Vitor, Gomes, 31, Corinthians, Defender, 8836, 37, 4, 61, 18, 90, 12, Yes, No, 0
574, Heitor, Pereira, 22, Atlético-MG, Striker, 4851, 38, 60, 24, 36, 52, 20, Yes, Yes, 8
575, Cauã, Silva, 35, Vasco, Midfielder, 1342, 81, 63, 91, 77, 80, 95, No, Yes, 9
576, João Vitor, Marques, 34, Palmeiras, Sweeper, 3061, 32, 44, 9, 46, 23, 39, No, Yes, 9
577, João, Martins, 32, Internacional, Sweeper, 1103, 39, 53, 32, 9, 78, 23, Yes, Yes, 4
578, Diego, Teixeira, 32, Goiás, Sweeper, 1036, 40, 45, 24, 16, 65, 51, No, Yes, 9
579, Lorenzo, Nascimento, 31, Fluminense, Midfielder, 3990, 49, 50, 99, 45, 19, 35, No, Yes, 4
580, Lucca, Nascimento, 30, Bahia, Midfielder, 5632, 53, 88, 43, 22, 20, 94, No, Yes, 9
581, Isaac, Lima, 20, Vasco, Goalkepper, 5257, 46, 56, 90, 32, 48, 6, Yes, No, 0
582, Henrique, Carvalho, 29, Internacional, Striker, 7197, 64, 67, 84, 94, 53, 26, No, Yes, 11
583, João, Rodrigues, 34, Fortaleza, Goalkepper, 8266, 39, 1, 49, 38, 97, 14, No, Yes, 5
584, Miguel, Rocha, 37, Corinthians, Sweeper, 1172, 56, 82, 26, 28, 47, 98, No, No, 0
585, Pietro, Vieira, 21, Botafogo, Striker, 2562, 56, 10, 77, 61, 52, 82, Yes, Yes, 11
586, Enzo, Rodrigues, 39, Fortaleza, Defender, 6034, 77, 83, 65, 85, 75, 81, Yes, Yes, 8
587, Vitor, Lima, 19, Bragantino, Midfielder, 9495, 70, 83, 76, 95, 97, 1, Yes, No, 0
588, Caio, Lopes, 32, Flamengo, Striker, 7217, 39, 29, 4, 91, 1, 72, Yes, No, 0
589, Caio, Gomes, 22, Palmeiras, Sweeper, 2408, 69, 67, 66, 59, 79, 74, No, No, 0
590, Vitor, Alves, 27, Vasco, Midfielder, 7855, 50, 44, 44, 29, 84, 52, No, No, 0
591, Eduardo, Dias, 18, Santos, Sweeper, 1556, 42, 42, 51, 49, 20, 52, No, No, 0
592, Murilo, Vieira, 21, Corinthians, Goalkepper, 8726, 54, 76, 58, 63, 1, 73, No, Yes, 3
593, Murilo, Moreira, 24, América-MG, Midfielder, 7467, 65, 76, 81, 99, 49, 22, Yes, Yes, 12
594, Guilherme, Lima, 25, Corinthians, Goalkepper, 3193, 52, 73, 14, 53, 78, 44, Yes, No, 0
595, Vitor, Ramos, 21, Cuiabá, Defender, 4196, 47, 52, 37, 37, 37, 72, Yes, Yes, 10
596, Guilherme, Lopes, 36, Grêmio, Goalkepper, 7391, 38, 42, 82, 30, 32, 7, No, No, 0
597, Leonardo, Vieira, 31, Atlético-MG, Defender, 1560, 46, 88, 75, 18, 36, 15, No, No, 0
598, Leonardo, Freitas, 32, Corinthians, Defender, 1343, 38, 7, 74, 20, 81, 12, Yes, Yes, 4
599, Vitor, Freitas, 27, Vasco, Striker, 5181, 72, 63, 79, 67, 96, 59, Yes, Yes, 6
600, Murilo, Costa, 16, Grêmio, Goalkepper, 9433, 55, 70, 47, 96, 35, 30, Yes, Yes, 5
601, Murilo, Lopes, 22, Fortaleza, Striker, 5425, 56, 68, 95, 38, 3, 78, No, Yes, 1
602, João Gabriel, Oliveira, 34, Internacional, Striker, 5149, 47, 84, 74, 8, 19, 50, Yes, No, 0
603, Rafael, Mendes, 30, Cruzeiro, Sweeper, 6153, 51, 20, 25, 81, 70, 61, Yes, No, 0
604, Murilo, Costa, 35, Cuiabá, Striker, 4946, 28, 12, 21, 25, 75, 9, No, Yes, 3
605, Samuel, Lima, 17, São Paulo, Striker, 3552, 46, 53, 59, 26, 62, 30, Yes, No, 0
606, Davi, Santos, 23, Palmeiras, Defender, 5577, 36, 42, 54, 17, 45, 23, Yes, No, 0
607, Rafael, Machado, 35, Corinthians, Goalkepper, 4911, 40, 20, 68, 67, 32, 16, No, No, 0
608, Miguel, Dias, 37, Athletico-PR, Goalkepper, 9549, 45, 93, 50, 25, 9, 52, Yes, Yes, 9
609, Nicolas, Lima, 36, Atlético-MG, Defender, 6907, 55, 52, 49, 8, 92, 75, Yes, No, 0
610, Lorenzo, Andrade, 17, São Paulo, Sweeper, 3416, 46, 18, 79, 25, 81, 31, No, No, 0
611, Enzo, Rodrigues, 37, Corinthians, Midfielder, 7279, 56, 89, 1, 78, 63, 53, Yes, Yes, 3
612, Lucas, Andrade, 35, Corinthians, Goalkepper, 1431, 70, 79, 45, 87, 94, 47, No, Yes, 12
613, Miguel, Barbosa, 27, Goiás, Striker, 3864, 36, 10, 39, 63, 31, 38, Yes, Yes, 9
614, Pedro, Dias, 22, América-MG, Sweeper, 3806, 49, 79, 87, 43, 28, 8, Yes, Yes, 10
615, Vinicius, Ribeiro, 28, Santos, Striker, 9794, 57, 54, 73, 15, 58, 86, Yes, No, 0
616, Gustavo, Fernandes, 25, Flamengo, Midfielder, 3054, 38, 51, 9, 44, 35, 53, Yes, Yes, 4
617, Heitor, Marques, 28, Cuiabá, Defender, 9314, 17, 33, 21, 2, 15, 16, No, No, 0
618, Cauã, Alves, 39, Internacional, Midfielder, 2842, 45, 5, 89, 31, 87, 14, No, Yes, 4
619, Caio, Dias, 34, São Paulo, Defender, 7250, 43, 52, 53, 39, 39, 32, Yes, No, 0
620, João Pedro, Carvalho, 39, Coritiba, Defender, 8343, 30, 63, 47, 7, 16, 20, Yes, Yes, 10
621, Gabriel, Rocha, 23, Botafogo, Midfielder, 9638, 54, 24, 83, 33, 69, 63, Yes, Yes, 9
622, Gustavo, Martins, 36, São Paulo, Sweeper, 5434, 69, 69, 85, 81, 47, 65, Yes, No, 0
623, Thiago, Andrade, 40, Bragantino, Sweeper, 5054, 62, 28, 31, 58, 94, 99, Yes, No, 0
624, Nicolas, Santana, 16, Coritiba, Defender, 3607, 48, 42, 83, 19, 80, 18, No, No, 0
625, Pedro, Nascimento, 36, América-MG, Sweeper, 3246, 51, 93, 16, 77, 72, 1, No, No, 0
626, Vinicius, Lopes, 30, Cuiabá, Defender, 9363, 48, 92, 26, 23, 91, 11, Yes, Yes, 1
627, Murilo, Teixeira, 33, Atlético-MG, Goalkepper, 2444, 44, 55, 3, 35, 84, 45, No, No, 0
628, Lucas, Santos, 20, Bragantino, Sweeper, 4699, 46, 66, 75, 15, 56, 20, Yes, Yes, 9
629, Isaac, Marques, 29, Coritiba, Midfielder, 6606, 57, 14, 26, 60, 94, 91, Yes, No, 0
630, Gabriel, Rocha, 35, Flamengo, Goalkepper, 5597, 48, 56, 42, 15, 56, 72, Yes, No, 0
631, Vinicius, Souza, 26, Bahia, Sweeper, 9540, 59, 48, 45, 47, 61, 96, Yes, No, 0
632, João, Teixeira, 25, São Paulo, Midfielder, 4778, 44, 48, 75, 11, 25, 61, Yes, No, 0
633, João Pedro, Teixeira, 19, Goiás, Goalkepper, 6767, 57, 92, 59, 38, 25, 72, No, No, 0
634, Pietro, Ribeiro, 17, Fluminense, Defender, 5578, 66, 18, 76, 67, 80, 90, No, No, 0
635, Gabriel, Ramos, 34, Fluminense, Goalkepper, 3725, 35, 18, 27, 25, 80, 27, No, No, 0
636, Miguel, Vieira, 16, Athletico-PR, Striker, 7386, 29, 73, 27, 13, 12, 21, Yes, Yes, 1
637, Leonardo, Ferreira, 25, Corinthians, Goalkepper, 8796, 36, 18, 83, 48, 4, 27, No, Yes, 11
638, Eduardo, Gonçalves, 20, Internacional, Sweeper, 5149, 58, 11, 77, 76, 94, 36, Yes, No, 0
639, Henrique, Costa, 36, Bragantino, Sweeper, 7005, 36, 89, 4, 42, 9, 37, Yes, No, 0
640, Caio, Marques, 27, Botafogo, Midfielder, 4828, 55, 82, 48, 74, 68, 6, No, Yes, 11
641, Lorenzo, Cardoso, 29, Cuiabá, Goalkepper, 6981, 65, 47, 52, 57, 75, 97, No, No, 0
642, Henrique, Oliveira, 22, Fluminense, Midfielder, 5520, 74, 56, 56, 98, 76, 87, Yes, No, 0
643, João Gabriel, Martins, 24, Fluminense, Midfielder, 2335, 62, 15, 11, 98, 99, 89, No, No, 0
644, Rafael, Pereira, 27, Athletico-PR, Striker, 2389, 46, 57, 60, 19, 81, 16, Yes, No, 0
645, Gustavo, Cardoso, 19, Flamengo, Sweeper, 4170, 40, 65, 12, 11, 87, 26, Yes, Yes, 11
646, Lucca, Lima, 35, Botafogo, Midfielder, 4982, 28, 46, 3, 33, 37, 21, No, Yes, 9
647, Lorenzo, Gomes, 29, América-MG, Sweeper, 9700, 72, 97, 69, 63, 73, 59, No, Yes, 8
648, Diego, Nunes, 38, Internacional, Midfielder, 1948, 71, 88, 52, 89, 41, 85, No, Yes, 4
649, Lucas, Andrade, 32, Bahia, Midfielder, 6493, 48, 20, 27, 62, 44, 91, Yes, No, 0
650, Henrique, Moreira, 21, Bahia, Sweeper, 6224, 46, 43, 29, 70, 23, 67, No, No, 0
651, Rafael, Santana, 27, Grêmio, Defender, 8800, 43, 52, 8, 34, 61, 63, Yes, No, 0
652, Henrique, Nunes, 27, Vasco, Midfielder, 2824, 45, 64, 82, 44, 37, 2, Yes, Yes, 11
653, Vitor, Cardoso, 22, Fluminense, Goalkepper, 3478, 56, 74, 47, 79, 34, 48, No, No, 0
654, Nicolas, Costa, 26, Santos, Defender, 7383, 33, 47, 2, 41, 73, 2, No, Yes, 6
655, Matheus, Ramos, 29, Bragantino, Sweeper, 2937, 48, 82, 51, 37, 48, 22, Yes, Yes, 6
656, Caio, Rocha, 20, Palmeiras, Sweeper, 7725, 44, 57, 50, 36, 64, 15, Yes, No, 0
657, Lucas, Andrade, 25, Corinthians, Defender, 8077, 64, 33, 98, 90, 42, 61, No, No, 0
658, Gustavo, Vieira, 19, Flamengo, Midfielder, 7341, 45, 45, 94, 32, 17, 41, Yes, Yes, 12
659, Matheus, Pereira, 36, Santos, Striker, 5101, 70, 79, 74, 86, 47, 65, Yes, Yes, 3
660, Felipe, Barbosa, 19, Corinthians, Striker, 9708, 55, 57, 22, 83, 66, 47, No, No, 0
661, Heitor, Gomes, 33, Atlético-MG, Defender, 1800, 46, 46, 67, 17, 14, 87, Yes, Yes, 9
662, Gabriel, Nunes, 35, Corinthians, Defender, 3302, 64, 87, 50, 88, 31, 66, Yes, Yes, 7
663, Gabriel, Nunes, 33, Corinthians, Striker, 2376, 45, 12, 60, 94, 54, 9, Yes, No, 0
664, Diego, Fernandes, 31, América-MG, Midfielder, 5152, 51, 38, 81, 57, 35, 47, Yes, No, 0
665, Pedro, Nascimento, 25, Bragantino, Defender, 9869, 65, 4, 87, 85, 81, 70, Yes, No, 0
666, Leonardo, Ferreira, 36, Corinthians, Defender, 8353, 42, 3, 12, 99, 61, 37, Yes, No, 0
667, Lucas, Rodrigues, 16, Goiás, Midfielder, 4623, 55, 39, 62, 69, 62, 47, Yes, No, 0
668, Davi, Santos, 37, Internacional, Midfielder, 2524, 55, 72, 98, 24, 27, 56, No, Yes, 7
669, Isaac, Marques, 18, São Paulo, Goalkepper, 5006, 34, 30, 12, 80, 34, 14, No, No, 0
670, Lorenzo, Marques, 33, Coritiba, Midfielder, 8577, 67, 74, 35, 98, 79, 52, Yes, No, 0
671, João, Dias, 17, Santos, Sweeper, 4143, 29, 25, 15, 10, 20, 79, No, No, 0
672, Gabriel, Ramos, 16, Vasco, Goalkepper, 1638, 58, 60, 73, 82, 58, 21, Yes, No, 0
673, Miguel, Nascimento, 20, Cruzeiro, Goalkepper, 4376, 45, 78, 41, 71, 7, 28, No, Yes, 12
674, Arthur, Carvalho, 25, Grêmio, Striker, 5724, 58, 75, 20, 63, 43, 90, No, No, 0
675, Rafael, Dias, 19, São Paulo, Striker, 9737, 64, 6, 52, 72, 99, 91, No, Yes, 7
676, Vinicius, Nunes, 18, Bahia, Midfielder, 4740, 61, 62, 39, 71, 59, 75, Yes, Yes, 2
677, João Gabriel, Ramos, 38, Bahia, Midfielder, 5866, 45, 89, 10, 51, 44, 31, Yes, Yes, 12
678, João, Cardoso, 28, América-MG, Midfielder, 1288, 59, 36, 89, 48, 91, 32, No, Yes, 9
679, Isaac, Lopes, 21, Fortaleza, Sweeper, 6441, 22, 44, 25, 4, 19, 18, No, Yes, 4
680, Isaac, Nunes, 39, Botafogo, Defender, 3376, 22, 7, 1, 52, 37, 15, No, No, 0
681, Nicolas, Ribeiro, 32, Bahia, Goalkepper, 1108, 39, 31, 22, 63, 78, 4, No, Yes, 6
682, Arthur, Alves, 33, Bahia, Goalkepper, 8272, 34, 39, 89, 19, 19, 8, No, Yes, 11
683, Enzo, Alves, 22, Flamengo, Defender, 7904, 41, 16, 9, 26, 64, 94, No, No, 0
684, Diego, Vieira, 27, Palmeiras, Sweeper, 5504, 50, 13, 59, 68, 78, 35, No, Yes, 4
685, Heitor, Alves, 25, América-MG, Sweeper, 3700, 53, 53, 77, 18, 49, 72, Yes, Yes, 7
686, Daniel, Lima, 31, Flamengo, Striker, 8838, 43, 74, 6, 21, 40, 78, No, Yes, 2
687, Thiago, Ribeiro, 36, Atlético-MG, Defender, 8719, 52, 31, 74, 9, 73, 75, No, Yes, 3
688, Arthur, Gomes, 22, Palmeiras, Defender, 5572, 48, 27, 55, 34, 62, 64, Yes, No, 0
689, Enzo, Machado, 22, Cruzeiro, Goalkepper, 5827, 45, 25, 38, 65, 4, 96, No, No, 0
690, Bernardo, Rodrigues, 20, Cruzeiro, Sweeper, 1249, 48, 6, 25, 91, 39, 81, Yes, No, 0
691, Murilo, Freitas, 30, Bahia, Striker, 5089, 72, 90, 88, 62, 60, 61, Yes, Yes, 9
692, Davi, Rodrigues, 33, Goiás, Defender, 9451, 41, 26, 66, 66, 11, 40, Yes, No, 0
693, João, Santos, 22, América-MG, Sweeper, 2539, 56, 90, 13, 97, 11, 73, Yes, No, 0
694, Samuel, Rocha, 17, Coritiba, Defender, 1635, 76, 84, 96, 86, 21, 95, Yes, No, 0
695, Heitor, Teixeira, 19, Santos, Goalkepper, 9297, 47, 85, 29, 19, 86, 16, No, No, 0
696, Matheus, Souza, 16, Internacional, Goalkepper, 7796, 59, 91, 46, 75, 68, 17, Yes, Yes, 4
697, Lucca, Lopes, 31, Internacional, Striker, 5156, 44, 48, 58, 29, 12, 75, No, Yes, 4
698, Cauã, Nunes, 21, Cuiabá, Sweeper, 5533, 49, 90, 80, 2, 17, 58, Yes, No, 0
699, Pedro, Almeida, 38, Coritiba, Defender, 7871, 70, 27, 94, 91, 85, 56, Yes, No, 0
700, Davi, Lima, 24, Fluminense, Goalkepper, 9359, 55, 90, 4, 76, 58, 47, Yes, No, 0
701, Thiago, Marques, 38, Cuiabá, Sweeper, 6214, 69, 68, 66, 40, 96, 76, Yes, No, 0
702, João Gabriel, Ramos, 37, Fortaleza, Sweeper, 1825, 56, 14, 62, 83, 57, 68, Yes, No, 0
703, Thiago, Silva, 37, São Paulo, Sweeper, 8402, 56, 55, 56, 15, 85, 72, No, No, 0
704, Murilo, Nunes, 34, Cruzeiro, Goalkepper, 9339, 63, 75, 88, 40, 81, 31, Yes, No, 0
705, João Pedro, Lima, 38, Grêmio, Midfielder, 1198, 58, 49, 85, 58, 46, 56, No, Yes, 8
706, Lucas, Freitas, 20, Santos, Defender, 7755, 33, 58, 16, 9, 55, 27, Yes, Yes, 8
707, Guilherme, Lopes, 19, Palmeiras, Midfielder, 3718, 71, 99, 54, 87, 79, 36, No, Yes, 7
708, João Gabriel, Santos, 29, Cuiabá, Midfielder, 8650, 22, 52, 46, 7, 5, 3, No, No, 0
709, Gustavo, Santos, 21, Bahia, Sweeper, 5386, 48, 15, 48, 77, 92, 11, No, No, 0
710, Diego, Gonçalves, 24, Bragantino, Midfielder, 7682, 53, 82, 32, 5, 79, 71, No, No, 0
711, Daniel, Rodrigues, 40, Flamengo, Striker, 6028, 50, 23, 91, 37, 33, 70, Yes, No, 0
712, Heitor, Santana, 20, América-MG, Striker, 1571, 67, 35, 31, 91, 94, 84, No, Yes, 5
713, Thiago, Cardoso, 18, Santos, Midfielder, 9009, 54, 71, 72, 31, 47, 50, No, No, 0
714, Nicolas, Nascimento, 16, Atlético-MG, Goalkepper, 6632, 70, 83, 64, 98, 63, 44, Yes, No, 0
715, Guilherme, Oliveira, 17, Palmeiras, Goalkepper, 6210, 45, 36, 13, 85, 28, 67, No, Yes, 6
716, Pedro, Machado, 33, Athletico-PR, Sweeper, 6012, 60, 24, 43, 45, 97, 91, Yes, Yes, 12
717, Heitor, Rodrigues, 23, Vasco, Midfielder, 3998, 65, 55, 59, 81, 91, 42, No, No, 0
718, Guilherme, Moreira, 27, Goiás, Midfielder, 3318, 91, 93, 87, 97, 94, 88, Yes, No, 0
719, João Gabriel, Costa, 37, Bahia, Sweeper, 7595, 42, 25, 60, 73, 34, 19, No, Yes, 5
720, Pedro, Marques, 32, Bragantino, Goalkepper, 8242, 40, 43, 94, 8, 4, 52, No, No, 0
721, Gabriel, Ribeiro, 26, Fluminense, Defender, 7698, 45, 16, 31, 36, 70, 75, Yes, No, 0
722, Pedro, Souza, 16, São Paulo, Goalkepper, 6250, 65, 38, 51, 94, 47, 98, No, No, 0
723, Samuel, Silva, 26, Fluminense, Defender, 3999, 33, 37, 41, 28, 16, 46, Yes, Yes, 4
724, Lorenzo, Teixeira, 21, Bahia, Goalkepper, 5623, 47, 23, 27, 81, 73, 33, No, Yes, 5
725, João, Moreira, 22, Fluminense, Goalkepper, 5248, 48, 6, 80, 78, 21, 55, No, No, 0
726, Arthur, Ramos, 21, Coritiba, Goalkepper, 5716, 60, 61, 1, 94, 78, 69, No, Yes, 12
727, Arthur, Almeida, 33, Goiás, Striker, 1157, 61, 2, 62, 93, 49, 99, No, No, 0
728, Bernardo, Moreira, 22, Fortaleza, Goalkepper, 8283, 57, 23, 76, 88, 6, 92, Yes, No, 0
729, Enzo, Machado, 31, Botafogo, Defender, 5273, 60, 37, 54, 40, 78, 92, Yes, Yes, 9
730, Gustavo, Nascimento, 35, Cruzeiro, Goalkepper, 3291, 49, 71, 70, 26, 51, 28, Yes, Yes, 3
731, Davi, Marques, 28, Santos, Sweeper, 3402, 22, 18, 10, 59, 19, 8, Yes, No, 0
732, Isaac, Mendes, 23, Santos, Midfielder, 9193, 61, 76, 89, 36, 77, 28, Yes, No, 0
733, Samuel, Pereira, 32, Fluminense, Striker, 9714, 56, 62, 16, 85, 28, 91, Yes, No, 0
734, Miguel, Alves, 37, Flamengo, Midfielder, 4533, 74, 96, 85, 73, 63, 53, No, No, 0
735, Daniel, Dias, 28, Cuiabá, Midfielder, 9812, 53, 71, 45, 88, 51, 12, No, Yes, 8
736, Bernardo, Alves, 38, Corinthians, Midfielder, 7392, 59, 53, 79, 75, 50, 39, Yes, Yes, 2
737, Vinicius, Souza, 38, América-MG, Goalkepper, 6809, 75, 94, 44, 93, 54, 93, Yes, Yes, 1
738, Lucas, Ferreira, 38, Athletico-PR, Striker, 6411, 16, 2, 2, 24, 1, 53, No, No, 0
739, Lucas, Almeida, 30, Santos, Goalkepper, 6911, 66, 40, 83, 77, 44, 86, No, Yes, 4
740, João Gabriel, Costa, 29, Cuiabá, Goalkepper, 5107, 48, 24, 93, 23, 70, 33, Yes, No, 0
741, Lorenzo, Silva, 40, Athletico-PR, Striker, 1896, 50, 58, 22, 78, 43, 51, No, No, 0
742, Diego, Cardoso, 31, Goiás, Midfielder, 6669, 29, 3, 13, 49, 20, 60, Yes, Yes, 11
743, Felipe, Gomes, 29, Botafogo, Striker, 8616, 62, 61, 72, 11, 73, 96, Yes, Yes, 1
744, Lorenzo, Rodrigues, 23, América-MG, Striker, 8964, 40, 44, 23, 19, 87, 29, Yes, No, 0
745, Cauã, Oliveira, 32, Flamengo, Defender, 8533, 67, 59, 69, 83, 62, 64, No, Yes, 4
746, Caio, Santos, 32, América-MG, Sweeper, 7865, 51, 38, 94, 54, 34, 35, No, No, 0
747, João Gabriel, Rodrigues, 37, Internacional, Striker, 3634, 32, 45, 63, 1, 42, 13, No, No, 0
748, Bernardo, Teixeira, 18, Bahia, Defender, 4169, 49, 23, 73, 46, 21, 82, No, No, 0
749, Miguel, Souza, 22, Atlético-MG, Goalkepper, 8057, 62, 98, 81, 50, 47, 38, No, Yes, 10
750, Cauã, Barbosa, 26, América-MG, Midfielder, 4166, 71, 68, 86, 71, 66, 66, No, Yes, 6
751, Isaac, Barbosa, 39, Atlético-MG, Striker, 5620, 51, 78, 45, 21, 51, 63, No, Yes, 8
752, Isaac, Pereira, 24, Palmeiras, Goalkepper, 2074, 29, 12, 1, 7, 58, 70, No, No, 0
753, João Vitor, Lima, 26, Atlético-MG, Goalkepper, 4829, 36, 8, 52, 75, 9, 39, Yes, No, 0
754, Isaac, Rocha, 28, Bahia, Sweeper, 2712, 44, 34, 21, 89, 70, 9, Yes, Yes, 1
755, Guilherme, Santos, 17, Athletico-PR, Striker, 5749, 39, 19, 37, 56, 40, 45, No, Yes, 5
756, Felipe, Ferreira, 38, Flamengo, Defender, 1983, 34, 33, 70, 31, 16, 20, Yes, No, 0
757, Diego, Oliveira, 30, Cruzeiro, Sweeper, 3734, 55, 14, 74, 67, 27, 97, No, No, 0
758, João Pedro, Nunes, 19, São Paulo, Midfielder, 5762, 49, 52, 46, 27, 65, 55, Yes, No, 0
759, Caio, Almeida, 20, Botafogo, Striker, 5466, 41, 63, 80, 2, 13, 48, Yes, No, 0
760, Murilo, Ferreira, 32, Cuiabá, Defender, 8555, 46, 26, 18, 12, 93, 83, No, No, 0
761, Pietro, Fernandes, 25, Internacional, Goalkepper, 1207, 50, 10, 48, 28, 79, 87, No, No, 0
762, Samuel, Mendes, 34, Cuiabá, Sweeper, 4903, 36, 52, 5, 42, 72, 12, Yes, Yes, 11
763, Gustavo, Oliveira, 29, Fortaleza, Midfielder, 8027, 60, 25, 56, 76, 72, 73, Yes, No, 0
764, Daniel, Gonçalves, 22, Athletico-PR, Goalkepper, 9990, 43, 17, 17, 58, 75, 52, Yes, Yes, 2
765, Pietro, Lima, 35, Palmeiras, Midfielder, 5748, 42, 26, 31, 78, 54, 21, Yes, No, 0
766, Pietro, Nunes, 32, Santos, Midfielder, 1036, 38, 5, 10, 23, 71, 85, No, No, 0
767, João Vitor, Nascimento, 27, América-MG, Defender, 7542, 51, 94, 33, 5, 42, 85, No, No, 0
768, Bernardo, Santos, 27, Bahia, Sweeper, 8316, 56, 69, 34, 98, 80, 1, Yes, Yes, 12
769, Leonardo, Freitas, 32, Goiás, Defender, 6862, 46, 76, 64, 14, 26, 52, No, Yes, 9
770, João Pedro, Nascimento, 33, Goiás, Defender, 7505, 42, 19, 70, 33, 29, 62, Yes, Yes, 6
771, Arthur, Ramos, 35, Grêmio, Midfielder, 3269, 40, 99, 19, 9, 1, 73, Yes, Yes, 9
772, Leonardo, Freitas, 20, Palmeiras, Striker, 6482, 50, 33, 91, 84, 13, 31, Yes, Yes, 10
773, Heitor, Souza, 29, Cuiabá, Goalkepper, 5342, 45, 67, 10, 97, 8, 46, Yes, Yes, 11
774, Thiago, Barbosa, 32, São Paulo, Striker, 3663, 52, 79, 27, 14, 70, 73, No, Yes, 4
775, Pedro, Fernandes, 22, Athletico-PR, Sweeper, 6188, 50, 96, 7, 69, 45, 34, Yes, No, 0
776, Vinicius, Nascimento, 18, Atlético-MG, Striker, 3660, 48, 48, 16, 89, 51, 39, No, No, 0
777, Vinicius, Santos, 18, Vasco, Midfielder, 2504, 58, 88, 21, 81, 58, 44, No, Yes, 6
778, Eduardo, Nascimento, 37, Bragantino, Midfielder, 1647, 57, 21, 41, 44, 91, 88, No, Yes, 7
779, Heitor, Lopes, 17, Cuiabá, Defender, 8725, 40, 58, 28, 5, 15, 96, Yes, Yes, 1
780, Guilherme, Nascimento, 19, Corinthians, Sweeper, 6221, 41, 55, 7, 65, 11, 67, Yes, No, 0
781, Cauã, Gonçalves, 39, São Paulo, Sweeper, 5665, 43, 17, 22, 83, 13, 83, No, No, 0
782, Gabriel, Gomes, 37, Corinthians, Sweeper, 3650, 43, 38, 17, 81, 34, 49, No, No, 0
783, Lucas, Lima, 34, Cuiabá, Midfielder, 9546, 56, 45, 53, 89, 52, 44, No, Yes, 11
784, Davi, Nunes, 28, Cruzeiro, Sweeper, 8326, 69, 10, 78, 81, 98, 82, Yes, Yes, 9
785, Cauã, Gomes, 32, Vasco, Sweeper, 2106, 71, 88, 83, 96, 16, 76, No, No, 0
786, Thiago, Santana, 17, Cruzeiro, Midfielder, 6611, 53, 99, 47, 41, 18, 63, Yes, Yes, 1
787, Heitor, Pereira, 31, Bahia, Striker, 5624, 62, 58, 7, 78, 92, 76, Yes, Yes, 10
788, Guilherme, Machado, 29, América-MG, Sweeper, 2116, 64, 93, 44, 80, 44, 59, No, Yes, 1
789, Heitor, Fernandes, 19, Cuiabá, Defender, 3318, 39, 99, 31, 45, 18, 2, No, No, 0
790, Lucca, Andrade, 18, Bahia, Striker, 7692, 59, 71, 64, 57, 34, 70, Yes, Yes, 8
791, Henrique, Freitas, 40, Internacional, Striker, 1915, 68, 61, 55, 67, 61, 98, Yes, Yes, 4
792, Lucca, Nunes, 24, Vasco, Striker, 9641, 42, 11, 23, 3, 89, 86, Yes, No, 0
793, Samuel, Souza, 25, Palmeiras, Striker, 2639, 55, 62, 20, 86, 82, 27, Yes, Yes, 10
794, Lucas, Moreira, 33, Botafogo, Goalkepper, 7235, 38, 5, 72, 95, 20, 2, Yes, Yes, 10
795, Gabriel, Teixeira, 26, Bahia, Defender, 8908, 38, 9, 62, 44, 59, 18, No, Yes, 1
796, Bernardo, Freitas, 24, Santos, Striker, 3005, 60, 91, 56, 72, 18, 64, No, No, 0
797, Leonardo, Nascimento, 26, Goiás, Defender, 2461, 83, 89, 61, 82, 98, 89, Yes, Yes, 1
798, Heitor, Machado, 35, América-MG, Sweeper, 4822, 79, 99, 62, 80, 91, 63, Yes, No, 0
799, Diego, Lima, 32, Atlético-MG, Striker, 2252, 55, 31, 85, 70, 89, 1, Yes, Yes, 12
800, Felipe, Freitas, 37, Athletico-PR, Striker, 3945, 49, 40, 54, 16, 73, 62, No, No, 0
801, Pedro, Teixeira, 35, Grêmio, Sweeper, 3950, 61, 90, 69, 44, 12, 94, Yes, No, 0
802, João Vitor, Dias, 35, Grêmio, Striker, 3861, 51, 34, 3, 54, 90, 76, Yes, Yes, 4
803, João Vitor, Ribeiro, 31, Flamengo, Goalkepper, 5987, 45, 53, 68, 50, 7, 49, No, Yes, 12
804, Cauã, Santana, 26, Cuiabá, Defender, 9701, 51, 74, 70, 56, 54, 4, Yes, No, 0
805, Arthur, Gonçalves, 36, Goiás, Striker, 6835, 25, 38, 4, 64, 14, 6, Yes, Yes, 5
806, Heitor, Pereira, 24, Vasco, Goalkepper, 8340, 56, 99, 21, 11, 54, 96, Yes, No, 0
807, Lucca, Barbosa, 29, Vasco, Striker, 2194, 57, 22, 68, 77, 44, 76, No, Yes, 12
808, Felipe, Soares, 39, São Paulo, Striker, 5088, 60, 66, 34, 41, 80, 79, Yes, Yes, 9
809, Vinicius, Rocha, 17, Flamengo, Striker, 4536, 49, 50, 99, 28, 60, 11, No, No, 0
810, Vitor, Lima, 19, Bahia, Midfielder, 1821, 25, 33, 6, 25, 35, 27, Yes, Yes, 11
811, Pietro, Gomes, 26, Cruzeiro, Sweeper, 5330, 51, 62, 99, 69, 9, 20, Yes, No, 0
812, Rafael, Martins, 21, Coritiba, Defender, 8513, 53, 21, 77, 77, 1, 92, No, No, 0
813, Nicolas, Marques, 26, Corinthians, Defender, 2376, 50, 82, 44, 23, 82, 21, No, Yes, 5
814, Thiago, Santos, 33, Internacional, Goalkepper, 5714, 43, 57, 41, 13, 65, 43, No, No, 0
815, Guilherme, Costa, 36, Santos, Defender, 6074, 51, 36, 84, 47, 10, 80, No, No, 0
816, Samuel, Dias, 34, Vasco, Sweeper, 5249, 52, 28, 49, 95, 71, 19, Yes, No, 0
817, Gabriel, Alves, 28, Cruzeiro, Striker, 4490, 37, 41, 4, 9, 53, 82, Yes, Yes, 1
818, Caio, Barbosa, 25, Botafogo, Striker, 4818, 72, 54, 72, 75, 73, 90, Yes, No, 0
819, Enzo, Teixeira, 32, Coritiba, Midfielder, 5694, 60, 87, 96, 26, 25, 67, No, No, 0
820, Cauã, Fernandes, 19, Santos, Defender, 6211, 30, 6, 50, 14, 28, 56, No, No, 0
821, Lucas, Rodrigues, 23, Palmeiras, Defender, 1101, 29, 18, 25, 24, 46, 35, Yes, No, 0
822, Cauã, Cardoso, 32, América-MG, Defender, 4164, 43, 70, 31, 40, 48, 30, No, Yes, 8
823, Lorenzo, Nunes, 18, América-MG, Striker, 2003, 63, 62, 11, 86, 87, 71, No, No, 0
824, Gustavo, Moreira, 21, Bragantino, Striker, 5995, 57, 88, 92, 10, 26, 71, No, No, 0
825, Daniel, Marques, 19, Bragantino, Goalkepper, 3567, 48, 49, 70, 57, 28, 39, Yes, No, 0
826, Cauã, Carvalho, 23, Fluminense, Defender, 3828, 55, 57, 96, 25, 35, 62, Yes, No, 0
827, Vinicius, Nunes, 34, Flamengo, Striker, 4147, 56, 94, 13, 9, 73, 93, No, Yes, 6
828, Felipe, Freitas, 38, Cruzeiro, Goalkepper, 8888, 64, 82, 75, 70, 59, 38, Yes, Yes, 11
829, Daniel, Marques, 29, Palmeiras, Midfielder, 4960, 55, 84, 42, 67, 50, 34, Yes, Yes, 8
830, João, Andrade, 30, Palmeiras, Midfielder, 8031, 39, 16, 67, 39, 70, 4, No, No, 0
831, Leonardo, Andrade, 32, Santos, Midfielder, 6025, 47, 41, 78, 20, 15, 84, Yes, No, 0
832, Eduardo, Machado, 27, Athletico-PR, Sweeper, 3196, 33, 22, 48, 17, 64, 16, No, Yes, 11
833, Heitor, Martins, 29, América-MG, Defender, 7606, 46, 32, 15, 78, 10, 99, Yes, No, 0
834, Cauã, Moreira, 23, América-MG, Goalkepper, 3323, 57, 83, 51, 43, 14, 96, No, No, 0
835, Matheus, Rodrigues, 40, Grêmio, Midfielder, 5867, 58, 28, 30, 53, 95, 86, No, Yes, 2
836, Samuel, Rodrigues, 24, Cuiabá, Midfielder, 7634, 28, 7, 17, 31, 16, 73, Yes, No, 0
837, Arthur, Ferreira, 29, Coritiba, Sweeper, 3784, 55, 72, 29, 47, 74, 57, No, No, 0
838, Henrique, Nunes, 31, Bragantino, Goalkepper, 7294, 53, 58, 79, 79, 32, 18, Yes, Yes, 2
839, Gabriel, Oliveira, 19, Cruzeiro, Goalkepper, 8867, 59, 85, 94, 96, 3, 18, Yes, Yes, 4
840, Enzo, Pereira, 33, Goiás, Striker, 7741, 53, 2, 84, 61, 95, 23, Yes, Yes, 3
841, João Pedro, Cardoso, 22, América-MG, Goalkepper, 2533, 44, 13, 97, 96, 8, 10, Yes, Yes, 4
842, Heitor, Barbosa, 24, Bragantino, Striker, 4453, 53, 20, 47, 92, 18, 89, No, No, 0
843, João Pedro, Souza, 19, Goiás, Midfielder, 4847, 42, 44, 74, 20, 70, 5, No, Yes, 7
844, Gustavo, Silva, 32, Fortaleza, Striker, 3249, 52, 47, 65, 65, 68, 16, No, No, 0
845, Arthur, Rodrigues, 28, Grêmio, Goalkepper, 7115, 37, 35, 35, 60, 13, 43, No, Yes, 4
846, João Vitor, Alves, 29, Cuiabá, Striker, 3163, 77, 54, 98, 61, 79, 93, No, Yes, 6
847, Leonardo, Barbosa, 16, Cruzeiro, Striker, 4967, 52, 61, 31, 35, 60, 77, No, No, 0
848, Daniel, Ferreira, 25, Grêmio, Midfielder, 6677, 48, 48, 28, 7, 82, 78, Yes, Yes, 11
849, Cauã, Santos, 17, Atlético-MG, Striker, 9194, 49, 94, 55, 15, 38, 43, Yes, Yes, 12
850, Matheus, Alves, 27, Internacional, Sweeper, 5285, 37, 46, 5, 86, 44, 7, No, Yes, 1
851, Pietro, Dias, 25, Internacional, Goalkepper, 3565, 38, 5, 49, 68, 41, 28, No, No, 0
852, Pedro, Ribeiro, 22, Bahia, Sweeper, 2030, 47, 65, 10, 57, 11, 95, No, Yes, 5
853, Nicolas, Machado, 19, Cruzeiro, Goalkepper, 1296, 58, 63, 83, 76, 16, 54, Yes, No, 0
854, Lucca, Machado, 40, Bahia, Goalkepper, 2323, 34, 80, 14, 13, 63, 1, No, No, 0
855, Gustavo, Barbosa, 18, São Paulo, Midfielder, 3096, 51, 52, 20, 91, 86, 8, Yes, No, 0
856, Diego, Barbosa, 29, Bahia, Goalkepper, 3657, 36, 46, 29, 30, 41, 35, No, No, 0
857, Davi, Ferreira, 29, Palmeiras, Defender, 3460, 69, 99, 87, 44, 20, 98, No, Yes, 5
858, Nicolas, Moreira, 20, Goiás, Sweeper, 6538, 59, 90, 35, 21, 93, 56, Yes, No, 0
859, João Pedro, Mendes, 40, Palmeiras, Striker, 6202, 55, 68, 80, 6, 24, 99, No, Yes, 4
860, Guilherme, Cardoso, 25, Fortaleza, Midfielder, 7901, 32, 7, 59, 35, 23, 39, No, No, 0
861, Matheus, Mendes, 37, Grêmio, Goalkepper, 2583, 48, 38, 86, 26, 46, 48, No, No, 0
862, Vinicius, Ribeiro, 27, Grêmio, Sweeper, 3142, 64, 70, 75, 57, 70, 52, No, No, 0
863, Nicolas, Silva, 28, Vasco, Defender, 7116, 54, 21, 38, 72, 98, 43, No, Yes, 6
864, Henrique, Dias, 30, Flamengo, Sweeper, 2782, 39, 83, 8, 32, 7, 65, Yes, Yes, 2
865, Lucca, Lima, 30, Cuiabá, Midfielder, 7243, 59, 46, 76, 9, 82, 82, No, No, 0
866, Enzo, Rocha, 23, Atlético-MG, Goalkepper, 2123, 49, 13, 26, 66, 79, 65, No, No, 0
867, Cauã, Gonçalves, 19, Fluminense, Midfielder, 1705, 63, 78, 17, 43, 89, 88, No, Yes, 12
868, Lorenzo, Santana, 20, Santos, Goalkepper, 5312, 63, 96, 39, 58, 81, 42, Yes, Yes, 4
869, Isaac, Dias, 33, Goiás, Midfielder, 7695, 36, 5, 41, 30, 72, 35, No, No, 0
870, João Gabriel, Teixeira, 17, Cuiabá, Sweeper, 8108, 72, 42, 65, 92, 79, 85, Yes, Yes, 4
871, Bernardo, Ferreira, 30, Athletico-PR, Sweeper, 1188, 46, 69, 38, 43, 52, 32, Yes, No, 0
872, Felipe, Cardoso, 29, Coritiba, Sweeper, 3407, 33, 44, 65, 22, 30, 6, Yes, Yes, 6
873, Isaac, Costa, 27, Atlético-MG, Striker, 5855, 59, 16, 68, 67, 89, 57, No, No, 0
874, Arthur, Santana, 28, Bragantino, Midfielder, 4903, 23, 42, 41, 7, 4, 24, Yes, No, 0
875, Daniel, Barbosa, 26, Grêmio, Sweeper, 3427, 52, 25, 34, 53, 75, 76, Yes, Yes, 7
876, Heitor, Ramos, 38, Santos, Sweeper, 3043, 25, 17, 41, 12, 18, 41, Yes, No, 0
877, Henrique, Ribeiro, 25, Grêmio, Defender, 5793, 39, 26, 24, 34, 61, 52, No, No, 0
878, Heitor, Cardoso, 19, Atlético-MG, Sweeper, 2167, 52, 54, 58, 22, 42, 86, No, No, 0
879, Lucas, Santana, 16, Flamengo, Sweeper, 8276, 60, 94, 80, 48, 65, 16, No, No, 0
880, Vinicius, Silva, 17, Atlético-MG, Midfielder, 4002, 43, 56, 64, 55, 16, 28, No, No, 0
881, Henrique, Soares, 32, São Paulo, Sweeper, 5434, 44, 97, 26, 57, 34, 8, Yes, Yes, 6
882, Guilherme, Nascimento, 36, Atlético-MG, Goalkepper, 6140, 36, 40, 82, 29, 13, 18, No, No, 0
883, Lucas, Andrade, 33, Internacional, Defender, 5700, 75, 94, 88, 75, 32, 89, No, No, 0
884, Caio, Fernandes, 23, Fortaleza, Sweeper, 2680, 72, 73, 90, 87, 20, 94, No, No, 0
885, Pedro, Silva, 39, Fortaleza, Sweeper, 6068, 33, 19, 75, 19, 50, 3, No, Yes, 3
886, Lorenzo, Fernandes, 24, Bahia, Midfielder, 5638, 47, 53, 75, 26, 34, 49, Yes, No, 0
887, Nicolas, Andrade, 39, Cuiabá, Goalkepper, 6582, 55, 75, 85, 18, 10, 87, Yes, Yes, 4
888, Vitor, Ferreira, 28, São Paulo, Goalkepper, 1378, 63, 49, 54, 60, 64, 91, No, No, 0
889, Thiago, Gomes, 32, Vasco, Striker, 2817, 66, 93, 39, 80, 72, 48, No, No, 0
890, Lucca, Nunes, 18, Coritiba, Goalkepper, 1480, 41, 65, 74, 36, 19, 11, No, No, 0
891, Cauã, Rocha, 19, Flamengo, Sweeper, 2294, 50, 31, 62, 52, 92, 17, Yes, No, 0
892, Arthur, Machado, 36, Atlético-MG, Sweeper, 1064, 44, 41, 17, 55, 51, 60, Yes, Yes, 12
893, Cauã, Souza, 18, Athletico-PR, Sweeper, 9360, 45, 35, 60, 92, 14, 26, No, Yes, 4
894, Murilo, Santos, 35, Santos, Sweeper, 7454, 67, 80, 2, 95, 61, 97, No, No, 0
895, Lucca, Nunes, 24, Internacional, Midfielder, 4265, 63, 42, 37, 94, 79, 67, No, No, 0
896, Bernardo, Rodrigues, 28, Vasco, Defender, 9433, 63, 5, 96, 78, 61, 77, No, Yes, 5
897, Samuel, Vieira, 36, São Paulo, Sweeper, 5570, 29, 10, 20, 16, 58, 42, No, Yes, 11
898, Vitor, Rodrigues, 36, Flamengo, Defender, 7122, 43, 28, 92, 9, 79, 7, No, Yes, 3
899, Pietro, Souza, 25, Fortaleza, Sweeper, 6717, 46, 56, 72, 69, 11, 23, Yes, Yes, 11
900, Enzo, Rocha, 39, Cuiabá, Sweeper, 3937, 68, 98, 2, 90, 89, 61, Yes, No, 0
901, João, Marques, 19, Botafogo, Sweeper, 3834, 31, 30, 13, 76, 10, 26, No, No, 0
902, Heitor, Barbosa, 23, Fluminense, Goalkepper, 4992, 53, 8, 27, 84, 51, 95, Yes, Yes, 8
903, Diego, Souza, 25, São Paulo, Sweeper, 9408, 34, 38, 70, 8, 14, 40, No, Yes, 11
904, Lucas, Andrade, 25, Coritiba, Goalkepper, 8286, 62, 44, 76, 84, 30, 76, No, No, 0
905, Miguel, Lima, 27, São Paulo, Midfielder, 3010, 77, 88, 36, 91, 87, 84, Yes, No, 0
906, Caio, Nunes, 25, Bahia, Defender, 4493, 54, 66, 75, 49, 54, 27, No, Yes, 2
907, João Vitor, Andrade, 30, Grêmio, Goalkepper, 2842, 45, 1, 3, 98, 40, 83, Yes, Yes, 8
908, João Gabriel, Ferreira, 18, América-MG, Goalkepper, 8146, 54, 61, 28, 73, 53, 55, Yes, No, 0
909, João Vitor, Freitas, 27, Corinthians, Goalkepper, 2673, 77, 85, 80, 94, 45, 84, Yes, Yes, 6
910, Lucas, Lopes, 25, Cuiabá, Midfielder, 2600, 51, 18, 90, 58, 74, 17, Yes, No, 0
911, Guilherme, Martins, 17, Goiás, Goalkepper, 5693, 42, 50, 38, 76, 41, 5, Yes, No, 0
912, Davi, Carvalho, 18, Coritiba, Midfielder, 5739, 37, 48, 18, 4, 42, 76, No, Yes, 6
913, Lucca, Rocha, 35, Grêmio, Midfielder, 6546, 30, 48, 8, 4, 26, 66, Yes, Yes, 7
914, Pietro, Teixeira, 22, Athletico-PR, Sweeper, 4493, 70, 78, 72, 88, 93, 22, No, Yes, 9
915, Samuel, Oliveira, 20, Atlético-MG, Striker, 5287, 73, 89, 37, 62, 83, 98, Yes, No, 0
916, Vinicius, Nascimento, 21, Coritiba, Striker, 4670, 45, 70, 98, 6, 14, 39, Yes, No, 0
917, Lucas, Machado, 22, Internacional, Goalkepper, 6139, 47, 70, 27, 6, 72, 62, No, Yes, 12
918, Davi, Santos, 23, Cruzeiro, Midfielder, 3348, 71, 44, 97, 39, 96, 81, No, No, 0
919, João Pedro, Rocha, 34, Coritiba, Defender, 4755, 52, 94, 28, 59, 76, 3, Yes, Yes, 2
920, João Vitor, Pereira, 21, Internacional, Goalkepper, 4464, 56, 73, 40, 65, 48, 56, Yes, No, 0
921, Lucca, Mendes, 31, América-MG, Goalkepper, 3244, 51, 62, 53, 49, 83, 10, Yes, No, 0
922, Leonardo, Lopes, 26, Botafogo, Sweeper, 4540, 31, 31, 5, 53, 65, 2, Yes, Yes, 7
923, Davi, Ramos, 36, Cruzeiro, Sweeper, 8994, 25, 24, 33, 1, 43, 27, Yes, No, 0
924, Felipe, Alves, 35, Athletico-PR, Defender, 3125, 56, 64, 58, 11, 64, 84, Yes, Yes, 5
925, Eduardo, Fernandes, 34, Grêmio, Sweeper, 8685, 46, 9, 35, 69, 46, 73, Yes, Yes, 8
926, Enzo, Lima, 22, Fortaleza, Sweeper, 5594, 58, 69, 65, 67, 6, 86, Yes, Yes, 10
927, Lucas, Soares, 16, Coritiba, Midfielder, 5054, 30, 50, 35, 18, 7, 40, No, Yes, 7
928, Guilherme, Rodrigues, 22, Flamengo, Midfielder, 9363, 37, 39, 58, 35, 18, 35, No, Yes, 2
929, Rafael, Machado, 21, Palmeiras, Goalkepper, 7139, 27, 4, 93, 27, 9, 4, No, Yes, 4
930, Gabriel, Machado, 33, Palmeiras, Goalkepper, 6470, 52, 44, 29, 59, 49, 82, Yes, Yes, 2
931, Pedro, Nascimento, 39, Grêmio, Sweeper, 4753, 67, 96, 31, 71, 65, 72, No, No, 0
932, Daniel, Costa, 39, Cuiabá, Midfielder, 1396, 39, 6, 29, 35, 50, 77, Yes, Yes, 7
933, João, Barbosa, 24, Santos, Sweeper, 5572, 41, 69, 38, 64, 30, 7, No, Yes, 8
934, Felipe, Alves, 16, Coritiba, Midfielder, 2533, 50, 8, 72, 76, 60, 34, No, No, 0
935, Heitor, Santos, 28, Bragantino, Striker, 9353, 60, 41, 75, 15, 72, 98, No, Yes, 10
936, João Gabriel, Ferreira, 39, Athletico-PR, Goalkepper, 7473, 51, 26, 64, 85, 48, 33, Yes, Yes, 9
937, Pedro, Marques, 21, Grêmio, Striker, 6465, 50, 9, 99, 34, 37, 74, No, No, 0
938, Caio, Alves, 29, Corinthians, Striker, 6982, 25, 22, 2, 38, 53, 13, No, Yes, 8
939, Samuel, Gonçalves, 30, Bragantino, Sweeper, 2411, 58, 51, 74, 40, 69, 58, Yes, No, 0
940, Caio, Gomes, 20, Cuiabá, Defender, 4259, 43, 49, 73, 61, 4, 29, Yes, Yes, 9
941, Lucas, Ribeiro, 18, Atlético-MG, Goalkepper, 1963, 39, 39, 48, 67, 9, 34, Yes, Yes, 1
942, Vinicius, Moreira, 28, Atlético-MG, Midfielder, 3374, 59, 81, 91, 62, 52, 11, No, No, 0
943, Nicolas, Fernandes, 36, Vasco, Striker, 1599, 53, 35, 49, 62, 77, 43, No, No, 0
944, João Pedro, Ramos, 33, Atlético-MG, Sweeper, 7968, 33, 6, 28, 91, 43, 1, Yes, Yes, 7
945, Pietro, Andrade, 28, Corinthians, Defender, 3544, 45, 24, 15, 90, 9, 90, Yes, Yes, 6
946, Leonardo, Nunes, 38, Coritiba, Sweeper, 6010, 48, 41, 23, 76, 69, 34, Yes, Yes, 5
947, Lucas, Ferreira, 35, Santos, Striker, 8887, 33, 52, 33, 2, 51, 27, Yes, Yes, 6
948, Vitor, Freitas, 20, Goiás, Defender, 1788, 29, 31, 16, 39, 22, 37, Yes, Yes, 11
949, Matheus, Lopes, 40, Fluminense, Sweeper, 2422, 57, 96, 22, 44, 73, 53, No, No, 0
950, Henrique, Rocha, 40, Internacional, Goalkepper, 6984, 52, 14, 94, 46, 56, 50, No, No, 0
951, Thiago, Souza, 26, São Paulo, Midfielder, 4229, 48, 20, 77, 30, 74, 41, No, No, 0
952, Heitor, Silva, 24, Athletico-PR, Defender, 7497, 48, 89, 40, 9, 30, 73, No, No, 0
953, João Pedro, Freitas, 31, Fluminense, Striker, 6198, 36, 31, 26, 67, 31, 29, Yes, Yes, 1
954, João Vitor, Costa, 21, Bragantino, Defender, 8421, 79, 97, 56, 90, 84, 69, Yes, No, 0
955, Lorenzo, Vieira, 17, Corinthians, Sweeper, 4648, 39, 40, 41, 29, 4, 85, No, Yes, 2
956, Bernardo, Lopes, 29, Flamengo, Sweeper, 1760, 44, 36, 56, 64, 43, 21, No, Yes, 1
957, Rafael, Rodrigues, 23, Grêmio, Striker, 6992, 43, 70, 29, 53, 33, 30, No, No, 0
958, Caio, Lopes, 38, Fluminense, Striker, 7629, 28, 50, 2, 51, 7, 33, No, Yes, 8
959, Cauã, Rodrigues, 37, Santos, Striker, 3079, 69, 74, 74, 30, 90, 80, Yes, No, 0
960, João, Machado, 16, Bragantino, Striker, 8880, 44, 14, 56, 61, 49, 44, No, Yes, 9
961, Lorenzo, Santos, 23, Palmeiras, Striker, 3903, 44, 37, 32, 6, 99, 50, Yes, No, 0
962, Daniel, Teixeira, 16, Cruzeiro, Striker, 5631, 33, 10, 40, 3, 78, 34, No, Yes, 1
963, Caio, Gomes, 20, Fortaleza, Sweeper, 2712, 18, 1, 31, 32, 24, 2, No, No, 0
964, Nicolas, Gonçalves, 17, Botafogo, Goalkepper, 9109, 51, 36, 65, 55, 75, 24, No, No, 0
965, Pedro, Almeida, 19, Bahia, Sweeper, 4267, 14, 27, 12, 1, 6, 24, Yes, Yes, 4
966, Isaac, Moreira, 17, Santos, Midfielder, 1392, 62, 94, 50, 55, 52, 60, Yes, Yes, 5
967, Leonardo, Souza, 26, Flamengo, Goalkepper, 4309, 25, 2, 20, 18, 1, 85, Yes, Yes, 9
968, Vinicius, Fernandes, 31, Flamengo, Sweeper, 3064, 37, 10, 29, 20, 46, 84, No, Yes, 9
969, Gabriel, Nunes, 20, Corinthians, Sweeper, 3995, 29, 15, 54, 66, 8, 4, No, Yes, 12
970, Vitor, Barbosa, 34, São Paulo, Sweeper, 6419, 36, 30, 33, 25, 21, 71, Yes, No, 0
971, Leonardo, Costa, 26, Grêmio, Midfielder, 3972, 56, 90, 62, 29, 23, 77, Yes, No, 0
972, Daniel, Nascimento, 40, Corinthians, Midfielder, 5965, 58, 62, 52, 81, 37, 62, No, Yes, 7
973, Vitor, Andrade, 23, Fluminense, Striker, 7829, 38, 97, 5, 31, 38, 21, No, Yes, 11
974, Miguel, Cardoso, 37, Goiás, Striker, 6367, 59, 92, 65, 48, 71, 20, Yes, No, 0
975, Lorenzo, Lopes, 31, São Paulo, Sweeper, 7585, 55, 83, 74, 43, 51, 27, No, Yes, 11
976, Vitor, Teixeira, 20, Cuiabá, Sweeper, 1222, 40, 24, 92, 24, 31, 30, No, Yes, 1
977, Vinicius, Dias, 36, Botafogo, Defender, 4525, 62, 57, 76, 66, 86, 25, No, No, 0
978, João, Souza, 38, Palmeiras, Defender, 5411, 50, 80, 79, 31, 58, 4, Yes, Yes, 1
979, Thiago, Carvalho, 20, Grêmio, Goalkepper, 4054, 72, 53, 96, 35, 93, 85, No, Yes, 10
980, Isaac, Lima, 27, Bahia, Midfielder, 2966, 60, 90, 11, 82, 99, 22, Yes, Yes, 5
981, Cauã, Teixeira, 35, Coritiba, Midfielder, 2536, 52, 22, 57, 51, 83, 48, Yes, No, 0
982, Nicolas, Freitas, 34, Bahia, Defender, 4368, 42, 70, 26, 89, 18, 7, Yes, Yes, 6
983, Bernardo, Gonçalves, 36, Santos, Midfielder, 2212, 70, 99, 88, 47, 22, 98, No, No, 0
984, Eduardo, Alves, 19, Fluminense, Midfielder, 2480, 52, 69, 93, 46, 37, 18, Yes, Yes, 2
985, Caio, Lopes, 40, Santos, Goalkepper, 9567, 38, 58, 52, 53, 15, 16, No, No, 0
986, Samuel, Rocha, 25, Goiás, Midfielder, 1297, 44, 61, 23, 99, 26, 14, Yes, Yes, 10
987, Bernardo, Marques, 25, Coritiba, Striker, 7446, 43, 1, 6, 96, 44, 68, No, No, 0
988, Pietro, Lopes, 19, Corinthians, Sweeper, 6407, 51, 63, 85, 91, 13, 3, Yes, No, 0
989, João Gabriel, Lopes, 28, Fluminense, Striker, 9988, 64, 81, 76, 63, 87, 16, Yes, No, 0
990, Eduardo, Santana, 25, Grêmio, Sweeper, 3423, 44, 31, 66, 26, 14, 87, Yes, Yes, 11
991, Guilherme, Soares, 26, Athletico-PR, Defender, 6356, 51, 35, 95, 65, 49, 13, No, No, 0
992, Henrique, Almeida, 31, São Paulo, Goalkepper, 8181, 54, 59, 25, 67, 32, 88, Yes, No, 0
993, Henrique, Machado, 39, Grêmio, Striker, 4161, 55, 40, 60, 90, 42, 44, Yes, No, 0
994, João Gabriel, Lima, 37, Fluminense, Sweeper, 3608, 47, 82, 7, 50, 50, 48, No, Yes, 10
995, Nicolas, Nascimento, 19, Vasco, Midfielder, 8713, 27, 11, 41, 46, 12, 28, Yes, No, 0
996, Rafael, Santos, 25, Vasco, Defender, 4682, 49, 38, 95, 92, 11, 12, No, No, 0
997, Caio, Lima, 21, Bahia, Striker, 4600, 58, 90, 18, 94, 43, 45, Yes, Yes, 4
998, Isaac, Rodrigues, 36, Botafogo, Defender, 8544, 41, 1, 83, 57, 37, 31, Yes, Yes, 5
999, Lorenzo, Nunes, 30, Fortaleza, Striker, 3164, 33, 33, 22, 38, 71, 2, Yes, No, 0
1000, Davi, Nunes, 16, Cuiabá, Midfielder, 4582, 62, 66, 78, 43, 63, 64, No, No, 0
